period,week_from,week_to,raid,boss,class_id,spec_id,spec,raw_logs,top40_logs,top40_median,top70_logs,top70_median,source_url
four_weeks,2026-07-16,2026-08-19,TK,Alar,1,0,Arms Warrior,17,7,36056.0,12,34736.5,https://sirus.su/api/base/x1/leaderboard/pve?ladder=players&type=dps&aggregation=max&week_from=2026-07-16&week_to=2026-08-19&page=1&i=38&boss=0&specs=1%3A0
four_weeks,2026-07-16,2026-08-19,TK,Alar,1,1,Fury Warrior,7,3,31972.0,5,31963.0,https://sirus.su/api/base/x1/leaderboard/pve?ladder=players&type=dps&aggregation=max&week_from=2026-07-16&week_to=2026-08-19&page=1&i=38&boss=0&specs=1%3A1
four_weeks,2026-07-16,2026-08-19,TK,Alar,2,2,Retribution Paladin,70,28,37397.5,49,33349.0,https://sirus.su/api/base/x1/leaderboard/pve?ladder=players&type=dps&aggregation=max&week_from=2026-07-16&week_to=2026-08-19&page=1&i=38&boss=0&specs=2%3A2
four_weeks,2026-07-16,2026-08-19,TK,Alar,3,0,Beast Mastery Hunter,25,10,39650.5,18,35579.5,https://sirus.su/api/base/x1/leaderboard/pve?ladder=players&type=dps&aggregation=max&week_from=2026-07-16&week_to=2026-08-19&page=1&i=38&boss=0&specs=3%3A0
four_weeks,2026-07-16,2026-08-19,TK,Alar,3,1,Marksmanship Hunter,43,18,42189.0,31,35747.0,https://sirus.su/api/base/x1/leaderboard/pve?ladder=players&type=dps&aggregation=max&week_from=2026-07-16&week_to=2026-08-19&page=1&i=38&boss=0&specs=3%3A1
four_weeks,2026-07-16,2026-08-19,TK,Alar,3,2,Survival Hunter,23,10,40824.0,17,38044.0,https://sirus.su/api/base/x1/leaderboard/pve?ladder=players&type=dps&aggregation=max&week_from=2026-07-16&week_to=2026-08-19&page=1&i=38&boss=0&specs=3%3A2
four_weeks,2026-07-16,2026-08-19,TK,Alar,4,0,Assassination Rogue,12,5,24718.0,9,23601.0,https://sirus.su/api/base/x1/leaderboard/pve?ladder=players&type=dps&aggregation=max&week_from=2026-07-16&week_to=2026-08-19&page=1&i=38&boss=0&specs=4%3A0
four_weeks,2026-07-16,2026-08-19,TK,Alar,4,1,Combat Rogue,17,7,36567.0,12,34632.0,https://sirus.su/api/base/x1/leaderboard/pve?ladder=players&type=dps&aggregation=max&week_from=2026-07-16&week_to=2026-08-19&page=1&i=38&boss=0&specs=4%3A1
four_weeks,2026-07-16,2026-08-19,TK,Alar,4,2,Subtlety Rogue,7,3,26284.0,5,23117.0,https://sirus.su/api/base/x1/leaderboard/pve?ladder=players&type=dps&aggregation=max&week_from=2026-07-16&week_to=2026-08-19&page=1&i=38&boss=0&specs=4%3A2
four_weeks,2026-07-16,2026-08-19,TK,Alar,5,2,Shadow Priest,59,24,40059.0,42,36784.0,https://sirus.su/api/base/x1/leaderboard/pve?ladder=players&type=dps&aggregation=max&week_from=2026-07-16&week_to=2026-08-19&page=1&i=38&boss=0&specs=5%3A2
four_weeks,2026-07-16,2026-08-19,TK,Alar,6,0,Blood DK,31,13,37395.0,22,30342.0,https://sirus.su/api/base/x1/leaderboard/pve?ladder=players&type=dps&aggregation=max&week_from=2026-07-16&week_to=2026-08-19&page=1&i=38&boss=0&specs=6%3A0
four_weeks,2026-07-16,2026-08-19,TK,Alar,6,1,Frost DK,12,5,30017.0,9,28991.0,https://sirus.su/api/base/x1/leaderboard/pve?ladder=players&type=dps&aggregation=max&week_from=2026-07-16&week_to=2026-08-19&page=1&i=38&boss=0&specs=6%3A1
four_weeks,2026-07-16,2026-08-19,TK,Alar,6,2,Unholy DK,15,6,37086.0,11,30439.0,https://sirus.su/api/base/x1/leaderboard/pve?ladder=players&type=dps&aggregation=max&week_from=2026-07-16&week_to=2026-08-19&page=1&i=38&boss=0&specs=6%3A2
four_weeks,2026-07-16,2026-08-19,TK,Alar,7,0,Elemental Shaman,45,18,39949.0,32,36200.0,https://sirus.su/api/base/x1/leaderboard/pve?ladder=players&type=dps&aggregation=max&week_from=2026-07-16&week_to=2026-08-19&page=1&i=38&boss=0&specs=7%3A0
four_weeks,2026-07-16,2026-08-19,TK,Alar,7,1,Enhancement Shaman,33,14,34690.0,24,30814.5,https://sirus.su/api/base/x1/leaderboard/pve?ladder=players&type=dps&aggregation=max&week_from=2026-07-16&week_to=2026-08-19&page=1&i=38&boss=0&specs=7%3A1
four_weeks,2026-07-16,2026-08-19,TK,Alar,8,0,Arcane Mage,40,16,41438.0,28,37332.5,https://sirus.su/api/base/x1/leaderboard/pve?ladder=players&type=dps&aggregation=max&week_from=2026-07-16&week_to=2026-08-19&page=1&i=38&boss=0&specs=8%3A0
four_weeks,2026-07-16,2026-08-19,TK,Alar,8,1,Fire Mage,18,8,32400.5,13,29774.0,https://sirus.su/api/base/x1/leaderboard/pve?ladder=players&type=dps&aggregation=max&week_from=2026-07-16&week_to=2026-08-19&page=1&i=38&boss=0&specs=8%3A1
four_weeks,2026-07-16,2026-08-19,TK,Alar,8,2,Frost Mage,24,10,25547.5,17,23132.0,https://sirus.su/api/base/x1/leaderboard/pve?ladder=players&type=dps&aggregation=max&week_from=2026-07-16&week_to=2026-08-19&page=1&i=38&boss=0&specs=8%3A2
four_weeks,2026-07-16,2026-08-19,TK,Alar,9,0,Affliction Warlock,11,5,38864.0,8,37902.0,https://sirus.su/api/base/x1/leaderboard/pve?ladder=players&type=dps&aggregation=max&week_from=2026-07-16&week_to=2026-08-19&page=1&i=38&boss=0&specs=9%3A0
four_weeks,2026-07-16,2026-08-19,TK,Alar,9,1,Demonology Warlock,62,25,42445.0,44,40067.5,https://sirus.su/api/base/x1/leaderboard/pve?ladder=players&type=dps&aggregation=max&week_from=2026-07-16&week_to=2026-08-19&page=1&i=38&boss=0&specs=9%3A1
four_weeks,2026-07-16,2026-08-19,TK,Alar,9,2,Destruction Warlock,7,3,33724.0,5,30977.0,https://sirus.su/api/base/x1/leaderboard/pve?ladder=players&type=dps&aggregation=max&week_from=2026-07-16&week_to=2026-08-19&page=1&i=38&boss=0&specs=9%3A2
four_weeks,2026-07-16,2026-08-19,TK,Alar,11,0,Balance Druid,83,34,49000.5,59,40542.0,https://sirus.su/api/base/x1/leaderboard/pve?ladder=players&type=dps&aggregation=max&week_from=2026-07-16&week_to=2026-08-19&page=1&i=38&boss=0&specs=11%3A0
four_weeks,2026-07-16,2026-08-19,TK,Alar,11,1,Feral Druid,20,8,34492.5,14,32811.0,https://sirus.su/api/base/x1/leaderboard/pve?ladder=players&type=dps&aggregation=max&week_from=2026-07-16&week_to=2026-08-19&page=1&i=38&boss=0&specs=11%3A1
four_weeks,2026-07-16,2026-08-19,TK,Void Reaver,1,0,Arms Warrior,24,10,40905.0,17,39136.0,https://sirus.su/api/base/x1/leaderboard/pve?ladder=players&type=dps&aggregation=max&week_from=2026-07-16&week_to=2026-08-19&page=1&i=38&boss=1&specs=1%3A0
four_weeks,2026-07-16,2026-08-19,TK,Void Reaver,1,1,Fury Warrior,11,5,41805.0,8,39804.0,https://sirus.su/api/base/x1/leaderboard/pve?ladder=players&type=dps&aggregation=max&week_from=2026-07-16&week_to=2026-08-19&page=1&i=38&boss=1&specs=1%3A1
four_weeks,2026-07-16,2026-08-19,TK,Void Reaver,2,2,Retribution Paladin,91,37,44560.0,64,39431.5,https://sirus.su/api/base/x1/leaderboard/pve?ladder=players&type=dps&aggregation=max&week_from=2026-07-16&week_to=2026-08-19&page=1&i=38&boss=1&specs=2%3A2
four_weeks,2026-07-16,2026-08-19,TK,Void Reaver,3,0,Beast Mastery Hunter,32,13,43026.0,23,40991.0,https://sirus.su/api/base/x1/leaderboard/pve?ladder=players&type=dps&aggregation=max&week_from=2026-07-16&week_to=2026-08-19&page=1&i=38&boss=1&specs=3%3A0
four_weeks,2026-07-16,2026-08-19,TK,Void Reaver,3,1,Marksmanship Hunter,50,20,51735.0,35,43255.0,https://sirus.su/api/base/x1/leaderboard/pve?ladder=players&type=dps&aggregation=max&week_from=2026-07-16&week_to=2026-08-19&page=1&i=38&boss=1&specs=3%3A1
four_weeks,2026-07-16,2026-08-19,TK,Void Reaver,3,2,Survival Hunter,31,13,44604.0,22,42113.0,https://sirus.su/api/base/x1/leaderboard/pve?ladder=players&type=dps&aggregation=max&week_from=2026-07-16&week_to=2026-08-19&page=1&i=38&boss=1&specs=3%3A2
four_weeks,2026-07-16,2026-08-19,TK,Void Reaver,4,0,Assassination Rogue,11,5,41397.0,8,40262.5,https://sirus.su/api/base/x1/leaderboard/pve?ladder=players&type=dps&aggregation=max&week_from=2026-07-16&week_to=2026-08-19&page=1&i=38&boss=1&specs=4%3A0
four_weeks,2026-07-16,2026-08-19,TK,Void Reaver,4,1,Combat Rogue,15,6,50333.0,11,46483.0,https://sirus.su/api/base/x1/leaderboard/pve?ladder=players&type=dps&aggregation=max&week_from=2026-07-16&week_to=2026-08-19&page=1&i=38&boss=1&specs=4%3A1
four_weeks,2026-07-16,2026-08-19,TK,Void Reaver,4,2,Subtlety Rogue,11,5,37049.0,8,35864.0,https://sirus.su/api/base/x1/leaderboard/pve?ladder=players&type=dps&aggregation=max&week_from=2026-07-16&week_to=2026-08-19&page=1&i=38&boss=1&specs=4%3A2
four_weeks,2026-07-16,2026-08-19,TK,Void Reaver,5,2,Shadow Priest,80,32,46162.0,56,43965.0,https://sirus.su/api/base/x1/leaderboard/pve?ladder=players&type=dps&aggregation=max&week_from=2026-07-16&week_to=2026-08-19&page=1&i=38&boss=1&specs=5%3A2
four_weeks,2026-07-16,2026-08-19,TK,Void Reaver,6,0,Blood DK,34,14,43070.0,24,39751.0,https://sirus.su/api/base/x1/leaderboard/pve?ladder=players&type=dps&aggregation=max&week_from=2026-07-16&week_to=2026-08-19&page=1&i=38&boss=1&specs=6%3A0
four_weeks,2026-07-16,2026-08-19,TK,Void Reaver,6,1,Frost DK,16,7,44225.0,12,41953.0,https://sirus.su/api/base/x1/leaderboard/pve?ladder=players&type=dps&aggregation=max&week_from=2026-07-16&week_to=2026-08-19&page=1&i=38&boss=1&specs=6%3A1
four_weeks,2026-07-16,2026-08-19,TK,Void Reaver,6,2,Unholy DK,18,8,40499.5,13,39895.0,https://sirus.su/api/base/x1/leaderboard/pve?ladder=players&type=dps&aggregation=max&week_from=2026-07-16&week_to=2026-08-19&page=1&i=38&boss=1&specs=6%3A2
four_weeks,2026-07-16,2026-08-19,TK,Void Reaver,7,0,Elemental Shaman,48,20,47825.5,34,44352.5,https://sirus.su/api/base/x1/leaderboard/pve?ladder=players&type=dps&aggregation=max&week_from=2026-07-16&week_to=2026-08-19&page=1&i=38&boss=1&specs=7%3A0
four_weeks,2026-07-16,2026-08-19,TK,Void Reaver,7,1,Enhancement Shaman,44,18,41733.0,31,40464.0,https://sirus.su/api/base/x1/leaderboard/pve?ladder=players&type=dps&aggregation=max&week_from=2026-07-16&week_to=2026-08-19&page=1&i=38&boss=1&specs=7%3A1
four_weeks,2026-07-16,2026-08-19,TK,Void Reaver,8,0,Arcane Mage,78,32,53948.5,55,47948.0,https://sirus.su/api/base/x1/leaderboard/pve?ladder=players&type=dps&aggregation=max&week_from=2026-07-16&week_to=2026-08-19&page=1&i=38&boss=1&specs=8%3A0
four_weeks,2026-07-16,2026-08-19,TK,Void Reaver,8,1,Fire Mage,43,18,48510.5,31,42026.0,https://sirus.su/api/base/x1/leaderboard/pve?ladder=players&type=dps&aggregation=max&week_from=2026-07-16&week_to=2026-08-19&page=1&i=38&boss=1&specs=8%3A1
four_weeks,2026-07-16,2026-08-19,TK,Void Reaver,8,2,Frost Mage,5,2,47008.5,4,44400.0,https://sirus.su/api/base/x1/leaderboard/pve?ladder=players&type=dps&aggregation=max&week_from=2026-07-16&week_to=2026-08-19&page=1&i=38&boss=1&specs=8%3A2
four_weeks,2026-07-16,2026-08-19,TK,Void Reaver,9,0,Affliction Warlock,11,5,53587.0,8,53120.0,https://sirus.su/api/base/x1/leaderboard/pve?ladder=players&type=dps&aggregation=max&week_from=2026-07-16&week_to=2026-08-19&page=1&i=38&boss=1&specs=9%3A0
four_weeks,2026-07-16,2026-08-19,TK,Void Reaver,9,1,Demonology Warlock,69,28,43142.0,49,41218.0,https://sirus.su/api/base/x1/leaderboard/pve?ladder=players&type=dps&aggregation=max&week_from=2026-07-16&week_to=2026-08-19&page=1&i=38&boss=1&specs=9%3A1
four_weeks,2026-07-16,2026-08-19,TK,Void Reaver,9,2,Destruction Warlock,10,4,41738.0,7,41042.0,https://sirus.su/api/base/x1/leaderboard/pve?ladder=players&type=dps&aggregation=max&week_from=2026-07-16&week_to=2026-08-19&page=1&i=38&boss=1&specs=9%3A2
four_weeks,2026-07-16,2026-08-19,TK,Void Reaver,11,0,Balance Druid,105,42,46146.5,74,42459.5,https://sirus.su/api/base/x1/leaderboard/pve?ladder=players&type=dps&aggregation=max&week_from=2026-07-16&week_to=2026-08-19&page=1&i=38&boss=1&specs=11%3A0
four_weeks,2026-07-16,2026-08-19,TK,Void Reaver,11,1,Feral Druid,25,10,44288.0,18,39916.5,https://sirus.su/api/base/x1/leaderboard/pve?ladder=players&type=dps&aggregation=max&week_from=2026-07-16&week_to=2026-08-19&page=1&i=38&boss=1&specs=11%3A1
four_weeks,2026-07-16,2026-08-19,TK,Solarian,1,0,Arms Warrior,16,7,37752.0,12,36331.5,https://sirus.su/api/base/x1/leaderboard/pve?ladder=players&type=dps&aggregation=max&week_from=2026-07-16&week_to=2026-08-19&page=1&i=38&boss=2&specs=1%3A0
four_weeks,2026-07-16,2026-08-19,TK,Solarian,1,1,Fury Warrior,7,3,39343.0,5,38098.0,https://sirus.su/api/base/x1/leaderboard/pve?ladder=players&type=dps&aggregation=max&week_from=2026-07-16&week_to=2026-08-19&page=1&i=38&boss=2&specs=1%3A1
four_weeks,2026-07-16,2026-08-19,TK,Solarian,2,2,Retribution Paladin,54,22,41005.5,38,36345.0,https://sirus.su/api/base/x1/leaderboard/pve?ladder=players&type=dps&aggregation=max&week_from=2026-07-16&week_to=2026-08-19&page=1&i=38&boss=2&specs=2%3A2
four_weeks,2026-07-16,2026-08-19,TK,Solarian,3,0,Beast Mastery Hunter,18,8,42121.5,13,39038.0,https://sirus.su/api/base/x1/leaderboard/pve?ladder=players&type=dps&aggregation=max&week_from=2026-07-16&week_to=2026-08-19&page=1&i=38&boss=2&specs=3%3A0
four_weeks,2026-07-16,2026-08-19,TK,Solarian,3,1,Marksmanship Hunter,34,14,44061.5,24,42659.0,https://sirus.su/api/base/x1/leaderboard/pve?ladder=players&type=dps&aggregation=max&week_from=2026-07-16&week_to=2026-08-19&page=1&i=38&boss=2&specs=3%3A1
four_weeks,2026-07-16,2026-08-19,TK,Solarian,3,2,Survival Hunter,21,9,40555.0,15,37827.0,https://sirus.su/api/base/x1/leaderboard/pve?ladder=players&type=dps&aggregation=max&week_from=2026-07-16&week_to=2026-08-19&page=1&i=38&boss=2&specs=3%3A2
four_weeks,2026-07-16,2026-08-19,TK,Solarian,4,0,Assassination Rogue,12,5,38473.0,9,36127.0,https://sirus.su/api/base/x1/leaderboard/pve?ladder=players&type=dps&aggregation=max&week_from=2026-07-16&week_to=2026-08-19&page=1&i=38&boss=2&specs=4%3A0
four_weeks,2026-07-16,2026-08-19,TK,Solarian,4,1,Combat Rogue,13,6,48592.0,10,43397.0,https://sirus.su/api/base/x1/leaderboard/pve?ladder=players&type=dps&aggregation=max&week_from=2026-07-16&week_to=2026-08-19&page=1&i=38&boss=2&specs=4%3A1
four_weeks,2026-07-16,2026-08-19,TK,Solarian,4,2,Subtlety Rogue,8,4,33926.0,6,31570.5,https://sirus.su/api/base/x1/leaderboard/pve?ladder=players&type=dps&aggregation=max&week_from=2026-07-16&week_to=2026-08-19&page=1&i=38&boss=2&specs=4%3A2
four_weeks,2026-07-16,2026-08-19,TK,Solarian,5,2,Shadow Priest,54,22,41732.5,38,40823.0,https://sirus.su/api/base/x1/leaderboard/pve?ladder=players&type=dps&aggregation=max&week_from=2026-07-16&week_to=2026-08-19&page=1&i=38&boss=2&specs=5%3A2
four_weeks,2026-07-16,2026-08-19,TK,Solarian,6,0,Blood DK,29,12,43106.0,21,36962.0,https://sirus.su/api/base/x1/leaderboard/pve?ladder=players&type=dps&aggregation=max&week_from=2026-07-16&week_to=2026-08-19&page=1&i=38&boss=2&specs=6%3A0
four_weeks,2026-07-16,2026-08-19,TK,Solarian,6,1,Frost DK,12,5,38862.0,9,38649.0,https://sirus.su/api/base/x1/leaderboard/pve?ladder=players&type=dps&aggregation=max&week_from=2026-07-16&week_to=2026-08-19&page=1&i=38&boss=2&specs=6%3A1
four_weeks,2026-07-16,2026-08-19,TK,Solarian,6,2,Unholy DK,11,5,34713.0,8,32484.0,https://sirus.su/api/base/x1/leaderboard/pve?ladder=players&type=dps&aggregation=max&week_from=2026-07-16&week_to=2026-08-19&page=1&i=38&boss=2&specs=6%3A2
four_weeks,2026-07-16,2026-08-19,TK,Solarian,7,0,Elemental Shaman,43,18,42987.5,31,40986.0,https://sirus.su/api/base/x1/leaderboard/pve?ladder=players&type=dps&aggregation=max&week_from=2026-07-16&week_to=2026-08-19&page=1&i=38&boss=2&specs=7%3A0
four_weeks,2026-07-16,2026-08-19,TK,Solarian,7,1,Enhancement Shaman,35,14,39369.5,25,36605.0,https://sirus.su/api/base/x1/leaderboard/pve?ladder=players&type=dps&aggregation=max&week_from=2026-07-16&week_to=2026-08-19&page=1&i=38&boss=2&specs=7%3A1
four_weeks,2026-07-16,2026-08-19,TK,Solarian,8,0,Arcane Mage,77,31,54618.0,54,49165.0,https://sirus.su/api/base/x1/leaderboard/pve?ladder=players&type=dps&aggregation=max&week_from=2026-07-16&week_to=2026-08-19&page=1&i=38&boss=2&specs=8%3A0
four_weeks,2026-07-16,2026-08-19,TK,Solarian,8,1,Fire Mage,26,11,44720.0,19,40412.0,https://sirus.su/api/base/x1/leaderboard/pve?ladder=players&type=dps&aggregation=max&week_from=2026-07-16&week_to=2026-08-19&page=1&i=38&boss=2&specs=8%3A1
four_weeks,2026-07-16,2026-08-19,TK,Solarian,8,2,Frost Mage,1,1,41162.0,1,41162.0,https://sirus.su/api/base/x1/leaderboard/pve?ladder=players&type=dps&aggregation=max&week_from=2026-07-16&week_to=2026-08-19&page=1&i=38&boss=2&specs=8%3A2
four_weeks,2026-07-16,2026-08-19,TK,Solarian,9,0,Affliction Warlock,9,4,46688.0,7,46178.0,https://sirus.su/api/base/x1/leaderboard/pve?ladder=players&type=dps&aggregation=max&week_from=2026-07-16&week_to=2026-08-19&page=1&i=38&boss=2&specs=9%3A0
four_weeks,2026-07-16,2026-08-19,TK,Solarian,9,1,Demonology Warlock,61,25,41525.0,43,39645.0,https://sirus.su/api/base/x1/leaderboard/pve?ladder=players&type=dps&aggregation=max&week_from=2026-07-16&week_to=2026-08-19&page=1&i=38&boss=2&specs=9%3A1
four_weeks,2026-07-16,2026-08-19,TK,Solarian,9,2,Destruction Warlock,4,2,37106.5,3,36752.0,https://sirus.su/api/base/x1/leaderboard/pve?ladder=players&type=dps&aggregation=max&week_from=2026-07-16&week_to=2026-08-19&page=1&i=38&boss=2&specs=9%3A2
four_weeks,2026-07-16,2026-08-19,TK,Solarian,11,0,Balance Druid,82,33,42773.0,58,39151.0,https://sirus.su/api/base/x1/leaderboard/pve?ladder=players&type=dps&aggregation=max&week_from=2026-07-16&week_to=2026-08-19&page=1&i=38&boss=2&specs=11%3A0
four_weeks,2026-07-16,2026-08-19,TK,Solarian,11,1,Feral Druid,16,7,38184.0,12,35850.0,https://sirus.su/api/base/x1/leaderboard/pve?ladder=players&type=dps&aggregation=max&week_from=2026-07-16&week_to=2026-08-19&page=1&i=38&boss=2&specs=11%3A1
four_weeks,2026-07-16,2026-08-19,TK,Kaelthas,1,0,Arms Warrior,14,6,26585.5,10,25837.5,https://sirus.su/api/base/x1/leaderboard/pve?ladder=players&type=dps&aggregation=max&week_from=2026-07-16&week_to=2026-08-19&page=1&i=38&boss=3&specs=1%3A0
four_weeks,2026-07-16,2026-08-19,TK,Kaelthas,1,1,Fury Warrior,8,4,25769.5,6,25299.0,https://sirus.su/api/base/x1/leaderboard/pve?ladder=players&type=dps&aggregation=max&week_from=2026-07-16&week_to=2026-08-19&page=1&i=38&boss=3&specs=1%3A1
four_weeks,2026-07-16,2026-08-19,TK,Kaelthas,2,2,Retribution Paladin,38,16,26141.0,27,23086.0,https://sirus.su/api/base/x1/leaderboard/pve?ladder=players&type=dps&aggregation=max&week_from=2026-07-16&week_to=2026-08-19&page=1&i=38&boss=3&specs=2%3A2
four_weeks,2026-07-16,2026-08-19,TK,Kaelthas,3,0,Beast Mastery Hunter,18,8,33148.0,13,32468.0,https://sirus.su/api/base/x1/leaderboard/pve?ladder=players&type=dps&aggregation=max&week_from=2026-07-16&week_to=2026-08-19&page=1&i=38&boss=3&specs=3%3A0
four_weeks,2026-07-16,2026-08-19,TK,Kaelthas,3,1,Marksmanship Hunter,28,12,37696.0,20,35415.0,https://sirus.su/api/base/x1/leaderboard/pve?ladder=players&type=dps&aggregation=max&week_from=2026-07-16&week_to=2026-08-19&page=1&i=38&boss=3&specs=3%3A1
four_weeks,2026-07-16,2026-08-19,TK,Kaelthas,3,2,Survival Hunter,20,8,33841.5,14,32823.5,https://sirus.su/api/base/x1/leaderboard/pve?ladder=players&type=dps&aggregation=max&week_from=2026-07-16&week_to=2026-08-19&page=1&i=38&boss=3&specs=3%3A2
four_weeks,2026-07-16,2026-08-19,TK,Kaelthas,4,0,Assassination Rogue,13,6,19198.0,10,17581.0,https://sirus.su/api/base/x1/leaderboard/pve?ladder=players&type=dps&aggregation=max&week_from=2026-07-16&week_to=2026-08-19&page=1&i=38&boss=3&specs=4%3A0
four_weeks,2026-07-16,2026-08-19,TK,Kaelthas,4,1,Combat Rogue,13,6,31411.0,10,29979.0,https://sirus.su/api/base/x1/leaderboard/pve?ladder=players&type=dps&aggregation=max&week_from=2026-07-16&week_to=2026-08-19&page=1&i=38&boss=3&specs=4%3A1
four_weeks,2026-07-16,2026-08-19,TK,Kaelthas,4,2,Subtlety Rogue,5,2,22090.5,4,20925.0,https://sirus.su/api/base/x1/leaderboard/pve?ladder=players&type=dps&aggregation=max&week_from=2026-07-16&week_to=2026-08-19&page=1&i=38&boss=3&specs=4%3A2
four_weeks,2026-07-16,2026-08-19,TK,Kaelthas,5,2,Shadow Priest,47,19,32992.0,33,31482.0,https://sirus.su/api/base/x1/leaderboard/pve?ladder=players&type=dps&aggregation=max&week_from=2026-07-16&week_to=2026-08-19&page=1&i=38&boss=3&specs=5%3A2
four_weeks,2026-07-16,2026-08-19,TK,Kaelthas,6,0,Blood DK,23,10,25689.5,17,24443.0,https://sirus.su/api/base/x1/leaderboard/pve?ladder=players&type=dps&aggregation=max&week_from=2026-07-16&week_to=2026-08-19&page=1&i=38&boss=3&specs=6%3A0
four_weeks,2026-07-16,2026-08-19,TK,Kaelthas,6,1,Frost DK,10,4,22968.5,7,22387.0,https://sirus.su/api/base/x1/leaderboard/pve?ladder=players&type=dps&aggregation=max&week_from=2026-07-16&week_to=2026-08-19&page=1&i=38&boss=3&specs=6%3A1
four_weeks,2026-07-16,2026-08-19,TK,Kaelthas,6,2,Unholy DK,4,2,23964.5,3,22024.0,https://sirus.su/api/base/x1/leaderboard/pve?ladder=players&type=dps&aggregation=max&week_from=2026-07-16&week_to=2026-08-19&page=1&i=38&boss=3&specs=6%3A2
four_weeks,2026-07-16,2026-08-19,TK,Kaelthas,7,0,Elemental Shaman,42,17,34761.0,30,32702.5,https://sirus.su/api/base/x1/leaderboard/pve?ladder=players&type=dps&aggregation=max&week_from=2026-07-16&week_to=2026-08-19&page=1&i=38&boss=3&specs=7%3A0
four_weeks,2026-07-16,2026-08-19,TK,Kaelthas,7,1,Enhancement Shaman,30,12,24210.5,21,22387.0,https://sirus.su/api/base/x1/leaderboard/pve?ladder=players&type=dps&aggregation=max&week_from=2026-07-16&week_to=2026-08-19&page=1&i=38&boss=3&specs=7%3A1
four_weeks,2026-07-16,2026-08-19,TK,Kaelthas,8,0,Arcane Mage,70,28,42009.0,49,37486.0,https://sirus.su/api/base/x1/leaderboard/pve?ladder=players&type=dps&aggregation=max&week_from=2026-07-16&week_to=2026-08-19&page=1&i=38&boss=3&specs=8%3A0
four_weeks,2026-07-16,2026-08-19,TK,Kaelthas,8,1,Fire Mage,21,9,34531.0,15,33206.0,https://sirus.su/api/base/x1/leaderboard/pve?ladder=players&type=dps&aggregation=max&week_from=2026-07-16&week_to=2026-08-19&page=1&i=38&boss=3&specs=8%3A1
four_weeks,2026-07-16,2026-08-19,TK,Kaelthas,8,2,Frost Mage,1,1,30123.0,1,30123.0,https://sirus.su/api/base/x1/leaderboard/pve?ladder=players&type=dps&aggregation=max&week_from=2026-07-16&week_to=2026-08-19&page=1&i=38&boss=3&specs=8%3A2
four_weeks,2026-07-16,2026-08-19,TK,Kaelthas,9,0,Affliction Warlock,8,4,38285.0,6,36642.5,https://sirus.su/api/base/x1/leaderboard/pve?ladder=players&type=dps&aggregation=max&week_from=2026-07-16&week_to=2026-08-19&page=1&i=38&boss=3&specs=9%3A0
four_weeks,2026-07-16,2026-08-19,TK,Kaelthas,9,1,Demonology Warlock,52,21,32914.0,37,32024.0,https://sirus.su/api/base/x1/leaderboard/pve?ladder=players&type=dps&aggregation=max&week_from=2026-07-16&week_to=2026-08-19&page=1&i=38&boss=3&specs=9%3A1
four_weeks,2026-07-16,2026-08-19,TK,Kaelthas,9,2,Destruction Warlock,3,2,28706.5,3,28295.0,https://sirus.su/api/base/x1/leaderboard/pve?ladder=players&type=dps&aggregation=max&week_from=2026-07-16&week_to=2026-08-19&page=1&i=38&boss=3&specs=9%3A2
four_weeks,2026-07-16,2026-08-19,TK,Kaelthas,11,0,Balance Druid,71,29,33848.0,50,32016.5,https://sirus.su/api/base/x1/leaderboard/pve?ladder=players&type=dps&aggregation=max&week_from=2026-07-16&week_to=2026-08-19&page=1&i=38&boss=3&specs=11%3A0
four_weeks,2026-07-16,2026-08-19,TK,Kaelthas,11,1,Feral Druid,15,6,23256.5,11,22533.0,https://sirus.su/api/base/x1/leaderboard/pve?ladder=players&type=dps&aggregation=max&week_from=2026-07-16&week_to=2026-08-19&page=1&i=38&boss=3&specs=11%3A1
four_weeks,2026-07-16,2026-08-19,SSC,Hydross,1,0,Arms Warrior,21,9,36032.0,15,33976.0,https://sirus.su/api/base/x1/leaderboard/pve?ladder=players&type=dps&aggregation=max&week_from=2026-07-16&week_to=2026-08-19&page=1&i=39&boss=0&specs=1%3A0
four_weeks,2026-07-16,2026-08-19,SSC,Hydross,1,1,Fury Warrior,12,5,29508.0,9,28862.0,https://sirus.su/api/base/x1/leaderboard/pve?ladder=players&type=dps&aggregation=max&week_from=2026-07-16&week_to=2026-08-19&page=1&i=39&boss=0&specs=1%3A1
four_weeks,2026-07-16,2026-08-19,SSC,Hydross,2,2,Retribution Paladin,99,40,34213.0,70,32305.0,https://sirus.su/api/base/x1/leaderboard/pve?ladder=players&type=dps&aggregation=max&week_from=2026-07-16&week_to=2026-08-19&page=1&i=39&boss=0&specs=2%3A2
four_weeks,2026-07-16,2026-08-19,SSC,Hydross,3,0,Beast Mastery Hunter,30,12,36799.5,21,32095.0,https://sirus.su/api/base/x1/leaderboard/pve?ladder=players&type=dps&aggregation=max&week_from=2026-07-16&week_to=2026-08-19&page=1&i=39&boss=0&specs=3%3A0
four_weeks,2026-07-16,2026-08-19,SSC,Hydross,3,1,Marksmanship Hunter,43,18,37230.0,31,34846.0,https://sirus.su/api/base/x1/leaderboard/pve?ladder=players&type=dps&aggregation=max&week_from=2026-07-16&week_to=2026-08-19&page=1&i=39&boss=0&specs=3%3A1
four_weeks,2026-07-16,2026-08-19,SSC,Hydross,3,2,Survival Hunter,30,12,37030.0,21,34940.0,https://sirus.su/api/base/x1/leaderboard/pve?ladder=players&type=dps&aggregation=max&week_from=2026-07-16&week_to=2026-08-19&page=1&i=39&boss=0&specs=3%3A2
four_weeks,2026-07-16,2026-08-19,SSC,Hydross,4,0,Assassination Rogue,12,5,31809.0,9,30659.0,https://sirus.su/api/base/x1/leaderboard/pve?ladder=players&type=dps&aggregation=max&week_from=2026-07-16&week_to=2026-08-19&page=1&i=39&boss=0&specs=4%3A0
four_weeks,2026-07-16,2026-08-19,SSC,Hydross,4,1,Combat Rogue,14,6,43912.5,10,41620.0,https://sirus.su/api/base/x1/leaderboard/pve?ladder=players&type=dps&aggregation=max&week_from=2026-07-16&week_to=2026-08-19&page=1&i=39&boss=0&specs=4%3A1
four_weeks,2026-07-16,2026-08-19,SSC,Hydross,4,2,Subtlety Rogue,13,6,31646.5,10,30080.0,https://sirus.su/api/base/x1/leaderboard/pve?ladder=players&type=dps&aggregation=max&week_from=2026-07-16&week_to=2026-08-19&page=1&i=39&boss=0&specs=4%3A2
four_weeks,2026-07-16,2026-08-19,SSC,Hydross,5,2,Shadow Priest,73,30,36766.0,52,34015.5,https://sirus.su/api/base/x1/leaderboard/pve?ladder=players&type=dps&aggregation=max&week_from=2026-07-16&week_to=2026-08-19&page=1&i=39&boss=0&specs=5%3A2
four_weeks,2026-07-16,2026-08-19,SSC,Hydross,6,0,Blood DK,30,12,37640.0,21,35555.0,https://sirus.su/api/base/x1/leaderboard/pve?ladder=players&type=dps&aggregation=max&week_from=2026-07-16&week_to=2026-08-19&page=1&i=39&boss=0&specs=6%3A0
four_weeks,2026-07-16,2026-08-19,SSC,Hydross,6,1,Frost DK,17,7,37306.0,12,36048.0,https://sirus.su/api/base/x1/leaderboard/pve?ladder=players&type=dps&aggregation=max&week_from=2026-07-16&week_to=2026-08-19&page=1&i=39&boss=0&specs=6%3A1
four_weeks,2026-07-16,2026-08-19,SSC,Hydross,6,2,Unholy DK,13,6,36602.5,10,32358.5,https://sirus.su/api/base/x1/leaderboard/pve?ladder=players&type=dps&aggregation=max&week_from=2026-07-16&week_to=2026-08-19&page=1&i=39&boss=0&specs=6%3A2
four_weeks,2026-07-16,2026-08-19,SSC,Hydross,7,0,Elemental Shaman,40,16,40871.0,28,36644.5,https://sirus.su/api/base/x1/leaderboard/pve?ladder=players&type=dps&aggregation=max&week_from=2026-07-16&week_to=2026-08-19&page=1&i=39&boss=0&specs=7%3A0
four_weeks,2026-07-16,2026-08-19,SSC,Hydross,7,1,Enhancement Shaman,39,16,37653.0,28,33393.0,https://sirus.su/api/base/x1/leaderboard/pve?ladder=players&type=dps&aggregation=max&week_from=2026-07-16&week_to=2026-08-19&page=1&i=39&boss=0&specs=7%3A1
four_weeks,2026-07-16,2026-08-19,SSC,Hydross,8,0,Arcane Mage,75,30,54071.0,53,48090.0,https://sirus.su/api/base/x1/leaderboard/pve?ladder=players&type=dps&aggregation=max&week_from=2026-07-16&week_to=2026-08-19&page=1&i=39&boss=0&specs=8%3A0
four_weeks,2026-07-16,2026-08-19,SSC,Hydross,8,1,Fire Mage,38,16,39451.0,27,37575.0,https://sirus.su/api/base/x1/leaderboard/pve?ladder=players&type=dps&aggregation=max&week_from=2026-07-16&week_to=2026-08-19&page=1&i=39&boss=0&specs=8%3A1
four_weeks,2026-07-16,2026-08-19,SSC,Hydross,8,2,Frost Mage,5,2,32065.5,4,31061.5,https://sirus.su/api/base/x1/leaderboard/pve?ladder=players&type=dps&aggregation=max&week_from=2026-07-16&week_to=2026-08-19&page=1&i=39&boss=0&specs=8%3A2
four_weeks,2026-07-16,2026-08-19,SSC,Hydross,9,0,Affliction Warlock,10,4,45704.5,7,45458.0,https://sirus.su/api/base/x1/leaderboard/pve?ladder=players&type=dps&aggregation=max&week_from=2026-07-16&week_to=2026-08-19&page=1&i=39&boss=0&specs=9%3A0
four_weeks,2026-07-16,2026-08-19,SSC,Hydross,9,1,Demonology Warlock,69,28,36182.0,49,33981.0,https://sirus.su/api/base/x1/leaderboard/pve?ladder=players&type=dps&aggregation=max&week_from=2026-07-16&week_to=2026-08-19&page=1&i=39&boss=0&specs=9%3A1
four_weeks,2026-07-16,2026-08-19,SSC,Hydross,9,2,Destruction Warlock,8,4,35278.0,6,34712.0,https://sirus.su/api/base/x1/leaderboard/pve?ladder=players&type=dps&aggregation=max&week_from=2026-07-16&week_to=2026-08-19&page=1&i=39&boss=0&specs=9%3A2
four_weeks,2026-07-16,2026-08-19,SSC,Hydross,11,0,Balance Druid,92,37,36529.0,65,33769.0,https://sirus.su/api/base/x1/leaderboard/pve?ladder=players&type=dps&aggregation=max&week_from=2026-07-16&week_to=2026-08-19&page=1&i=39&boss=0&specs=11%3A0
four_weeks,2026-07-16,2026-08-19,SSC,Hydross,11,1,Feral Druid,24,10,32432.5,17,31944.0,https://sirus.su/api/base/x1/leaderboard/pve?ladder=players&type=dps&aggregation=max&week_from=2026-07-16&week_to=2026-08-19&page=1&i=39&boss=0&specs=11%3A1
four_weeks,2026-07-16,2026-08-19,SSC,Lurker,1,0,Arms Warrior,6,3,49261.0,5,45713.0,https://sirus.su/api/base/x1/leaderboard/pve?ladder=players&type=dps&aggregation=max&week_from=2026-07-16&week_to=2026-08-19&page=1&i=39&boss=1&specs=1%3A0
four_weeks,2026-07-16,2026-08-19,SSC,Lurker,1,1,Fury Warrior,8,4,32682.0,6,26212.5,https://sirus.su/api/base/x1/leaderboard/pve?ladder=players&type=dps&aggregation=max&week_from=2026-07-16&week_to=2026-08-19&page=1&i=39&boss=1&specs=1%3A1
four_weeks,2026-07-16,2026-08-19,SSC,Lurker,2,2,Retribution Paladin,32,13,41284.0,23,36707.0,https://sirus.su/api/base/x1/leaderboard/pve?ladder=players&type=dps&aggregation=max&week_from=2026-07-16&week_to=2026-08-19&page=1&i=39&boss=1&specs=2%3A2
four_weeks,2026-07-16,2026-08-19,SSC,Lurker,3,0,Beast Mastery Hunter,31,13,42046.0,22,39632.0,https://sirus.su/api/base/x1/leaderboard/pve?ladder=players&type=dps&aggregation=max&week_from=2026-07-16&week_to=2026-08-19&page=1&i=39&boss=1&specs=3%3A0
four_weeks,2026-07-16,2026-08-19,SSC,Lurker,3,1,Marksmanship Hunter,47,19,48992.0,33,44737.0,https://sirus.su/api/base/x1/leaderboard/pve?ladder=players&type=dps&aggregation=max&week_from=2026-07-16&week_to=2026-08-19&page=1&i=39&boss=1&specs=3%3A1
four_weeks,2026-07-16,2026-08-19,SSC,Lurker,3,2,Survival Hunter,25,10,45247.5,18,43509.0,https://sirus.su/api/base/x1/leaderboard/pve?ladder=players&type=dps&aggregation=max&week_from=2026-07-16&week_to=2026-08-19&page=1&i=39&boss=1&specs=3%3A2
four_weeks,2026-07-16,2026-08-19,SSC,Lurker,4,0,Assassination Rogue,9,4,7890.0,7,6429.0,https://sirus.su/api/base/x1/leaderboard/pve?ladder=players&type=dps&aggregation=max&week_from=2026-07-16&week_to=2026-08-19&page=1&i=39&boss=1&specs=4%3A0
four_weeks,2026-07-16,2026-08-19,SSC,Lurker,4,1,Combat Rogue,14,6,12537.0,10,10312.0,https://sirus.su/api/base/x1/leaderboard/pve?ladder=players&type=dps&aggregation=max&week_from=2026-07-16&week_to=2026-08-19&page=1&i=39&boss=1&specs=4%3A1
four_weeks,2026-07-16,2026-08-19,SSC,Lurker,4,2,Subtlety Rogue,12,5,6455.0,9,5795.0,https://sirus.su/api/base/x1/leaderboard/pve?ladder=players&type=dps&aggregation=max&week_from=2026-07-16&week_to=2026-08-19&page=1&i=39&boss=1&specs=4%3A2
four_weeks,2026-07-16,2026-08-19,SSC,Lurker,5,2,Shadow Priest,69,28,45627.5,49,43300.0,https://sirus.su/api/base/x1/leaderboard/pve?ladder=players&type=dps&aggregation=max&week_from=2026-07-16&week_to=2026-08-19&page=1&i=39&boss=1&specs=5%3A2
four_weeks,2026-07-16,2026-08-19,SSC,Lurker,6,0,Blood DK,10,4,37096.0,7,28067.0,https://sirus.su/api/base/x1/leaderboard/pve?ladder=players&type=dps&aggregation=max&week_from=2026-07-16&week_to=2026-08-19&page=1&i=39&boss=1&specs=6%3A0
four_weeks,2026-07-16,2026-08-19,SSC,Lurker,6,1,Frost DK,6,3,40510.0,5,36742.0,https://sirus.su/api/base/x1/leaderboard/pve?ladder=players&type=dps&aggregation=max&week_from=2026-07-16&week_to=2026-08-19&page=1&i=39&boss=1&specs=6%3A1
four_weeks,2026-07-16,2026-08-19,SSC,Lurker,6,2,Unholy DK,9,4,41877.0,7,36704.0,https://sirus.su/api/base/x1/leaderboard/pve?ladder=players&type=dps&aggregation=max&week_from=2026-07-16&week_to=2026-08-19&page=1&i=39&boss=1&specs=6%3A2
four_weeks,2026-07-16,2026-08-19,SSC,Lurker,7,0,Elemental Shaman,50,20,50431.5,35,45153.0,https://sirus.su/api/base/x1/leaderboard/pve?ladder=players&type=dps&aggregation=max&week_from=2026-07-16&week_to=2026-08-19&page=1&i=39&boss=1&specs=7%3A0
four_weeks,2026-07-16,2026-08-19,SSC,Lurker,7,1,Enhancement Shaman,20,8,44318.5,14,32388.5,https://sirus.su/api/base/x1/leaderboard/pve?ladder=players&type=dps&aggregation=max&week_from=2026-07-16&week_to=2026-08-19&page=1&i=39&boss=1&specs=7%3A1
four_weeks,2026-07-16,2026-08-19,SSC,Lurker,8,0,Arcane Mage,72,29,59839.0,51,52629.0,https://sirus.su/api/base/x1/leaderboard/pve?ladder=players&type=dps&aggregation=max&week_from=2026-07-16&week_to=2026-08-19&page=1&i=39&boss=1&specs=8%3A0
four_weeks,2026-07-16,2026-08-19,SSC,Lurker,8,1,Fire Mage,43,18,48010.5,31,44769.0,https://sirus.su/api/base/x1/leaderboard/pve?ladder=players&type=dps&aggregation=max&week_from=2026-07-16&week_to=2026-08-19&page=1&i=39&boss=1&specs=8%3A1
four_weeks,2026-07-16,2026-08-19,SSC,Lurker,8,2,Frost Mage,9,4,39232.0,7,34889.0,https://sirus.su/api/base/x1/leaderboard/pve?ladder=players&type=dps&aggregation=max&week_from=2026-07-16&week_to=2026-08-19&page=1&i=39&boss=1&specs=8%3A2
four_weeks,2026-07-16,2026-08-19,SSC,Lurker,9,0,Affliction Warlock,10,4,55319.5,7,51898.0,https://sirus.su/api/base/x1/leaderboard/pve?ladder=players&type=dps&aggregation=max&week_from=2026-07-16&week_to=2026-08-19&page=1&i=39&boss=1&specs=9%3A0
four_weeks,2026-07-16,2026-08-19,SSC,Lurker,9,1,Demonology Warlock,70,28,45460.0,49,43331.0,https://sirus.su/api/base/x1/leaderboard/pve?ladder=players&type=dps&aggregation=max&week_from=2026-07-16&week_to=2026-08-19&page=1&i=39&boss=1&specs=9%3A1
four_weeks,2026-07-16,2026-08-19,SSC,Lurker,9,2,Destruction Warlock,4,2,50786.5,3,47909.0,https://sirus.su/api/base/x1/leaderboard/pve?ladder=players&type=dps&aggregation=max&week_from=2026-07-16&week_to=2026-08-19&page=1&i=39&boss=1&specs=9%3A2
four_weeks,2026-07-16,2026-08-19,SSC,Lurker,11,0,Balance Druid,94,38,49680.0,66,45494.5,https://sirus.su/api/base/x1/leaderboard/pve?ladder=players&type=dps&aggregation=max&week_from=2026-07-16&week_to=2026-08-19&page=1&i=39&boss=1&specs=11%3A0
four_weeks,2026-07-16,2026-08-19,SSC,Lurker,11,1,Feral Druid,16,7,40388.0,12,35018.5,https://sirus.su/api/base/x1/leaderboard/pve?ladder=players&type=dps&aggregation=max&week_from=2026-07-16&week_to=2026-08-19&page=1&i=39&boss=1&specs=11%3A1
four_weeks,2026-07-16,2026-08-19,SSC,Leotheras,1,0,Arms Warrior,12,5,41754.0,9,38752.0,https://sirus.su/api/base/x1/leaderboard/pve?ladder=players&type=dps&aggregation=max&week_from=2026-07-16&week_to=2026-08-19&page=1&i=39&boss=2&specs=1%3A0
four_weeks,2026-07-16,2026-08-19,SSC,Leotheras,1,1,Fury Warrior,9,4,41556.0,7,37526.0,https://sirus.su/api/base/x1/leaderboard/pve?ladder=players&type=dps&aggregation=max&week_from=2026-07-16&week_to=2026-08-19&page=1&i=39&boss=2&specs=1%3A1
four_weeks,2026-07-16,2026-08-19,SSC,Leotheras,2,2,Retribution Paladin,60,24,43833.5,42,41622.5,https://sirus.su/api/base/x1/leaderboard/pve?ladder=players&type=dps&aggregation=max&week_from=2026-07-16&week_to=2026-08-19&page=1&i=39&boss=2&specs=2%3A2
four_weeks,2026-07-16,2026-08-19,SSC,Leotheras,3,0,Beast Mastery Hunter,16,7,48773.0,12,44035.0,https://sirus.su/api/base/x1/leaderboard/pve?ladder=players&type=dps&aggregation=max&week_from=2026-07-16&week_to=2026-08-19&page=1&i=39&boss=2&specs=3%3A0
four_weeks,2026-07-16,2026-08-19,SSC,Leotheras,3,1,Marksmanship Hunter,36,15,52438.0,26,48071.5,https://sirus.su/api/base/x1/leaderboard/pve?ladder=players&type=dps&aggregation=max&week_from=2026-07-16&week_to=2026-08-19&page=1&i=39&boss=2&specs=3%3A1
four_weeks,2026-07-16,2026-08-19,SSC,Leotheras,3,2,Survival Hunter,23,10,48161.5,17,45470.0,https://sirus.su/api/base/x1/leaderboard/pve?ladder=players&type=dps&aggregation=max&week_from=2026-07-16&week_to=2026-08-19&page=1&i=39&boss=2&specs=3%3A2
four_weeks,2026-07-16,2026-08-19,SSC,Leotheras,4,0,Assassination Rogue,11,5,42041.0,8,41737.0,https://sirus.su/api/base/x1/leaderboard/pve?ladder=players&type=dps&aggregation=max&week_from=2026-07-16&week_to=2026-08-19&page=1&i=39&boss=2&specs=4%3A0
four_weeks,2026-07-16,2026-08-19,SSC,Leotheras,4,1,Combat Rogue,11,5,53516.0,8,52519.0,https://sirus.su/api/base/x1/leaderboard/pve?ladder=players&type=dps&aggregation=max&week_from=2026-07-16&week_to=2026-08-19&page=1&i=39&boss=2&specs=4%3A1
four_weeks,2026-07-16,2026-08-19,SSC,Leotheras,4,2,Subtlety Rogue,10,4,39474.0,7,35892.0,https://sirus.su/api/base/x1/leaderboard/pve?ladder=players&type=dps&aggregation=max&week_from=2026-07-16&week_to=2026-08-19&page=1&i=39&boss=2&specs=4%3A2
four_weeks,2026-07-16,2026-08-19,SSC,Leotheras,5,2,Shadow Priest,70,28,46563.5,49,44744.0,https://sirus.su/api/base/x1/leaderboard/pve?ladder=players&type=dps&aggregation=max&week_from=2026-07-16&week_to=2026-08-19&page=1&i=39&boss=2&specs=5%3A2
four_weeks,2026-07-16,2026-08-19,SSC,Leotheras,6,0,Blood DK,22,9,45127.0,16,42012.5,https://sirus.su/api/base/x1/leaderboard/pve?ladder=players&type=dps&aggregation=max&week_from=2026-07-16&week_to=2026-08-19&page=1&i=39&boss=2&specs=6%3A0
four_weeks,2026-07-16,2026-08-19,SSC,Leotheras,6,1,Frost DK,15,6,44838.0,11,43056.0,https://sirus.su/api/base/x1/leaderboard/pve?ladder=players&type=dps&aggregation=max&week_from=2026-07-16&week_to=2026-08-19&page=1&i=39&boss=2&specs=6%3A1
four_weeks,2026-07-16,2026-08-19,SSC,Leotheras,6,2,Unholy DK,13,6,45511.5,10,42978.0,https://sirus.su/api/base/x1/leaderboard/pve?ladder=players&type=dps&aggregation=max&week_from=2026-07-16&week_to=2026-08-19&page=1&i=39&boss=2&specs=6%3A2
four_weeks,2026-07-16,2026-08-19,SSC,Leotheras,7,0,Elemental Shaman,39,16,50425.0,28,46310.0,https://sirus.su/api/base/x1/leaderboard/pve?ladder=players&type=dps&aggregation=max&week_from=2026-07-16&week_to=2026-08-19&page=1&i=39&boss=2&specs=7%3A0
four_weeks,2026-07-16,2026-08-19,SSC,Leotheras,7,1,Enhancement Shaman,40,16,46910.0,28,43441.5,https://sirus.su/api/base/x1/leaderboard/pve?ladder=players&type=dps&aggregation=max&week_from=2026-07-16&week_to=2026-08-19&page=1&i=39&boss=2&specs=7%3A1
four_weeks,2026-07-16,2026-08-19,SSC,Leotheras,8,0,Arcane Mage,68,28,59030.0,48,50346.5,https://sirus.su/api/base/x1/leaderboard/pve?ladder=players&type=dps&aggregation=max&week_from=2026-07-16&week_to=2026-08-19&page=1&i=39&boss=2&specs=8%3A0
four_weeks,2026-07-16,2026-08-19,SSC,Leotheras,8,1,Fire Mage,28,12,50153.0,20,46496.5,https://sirus.su/api/base/x1/leaderboard/pve?ladder=players&type=dps&aggregation=max&week_from=2026-07-16&week_to=2026-08-19&page=1&i=39&boss=2&specs=8%3A1
four_weeks,2026-07-16,2026-08-19,SSC,Leotheras,8,2,Frost Mage,1,1,12903.0,1,12903.0,https://sirus.su/api/base/x1/leaderboard/pve?ladder=players&type=dps&aggregation=max&week_from=2026-07-16&week_to=2026-08-19&page=1&i=39&boss=2&specs=8%3A2
four_weeks,2026-07-16,2026-08-19,SSC,Leotheras,9,0,Affliction Warlock,11,5,52924.0,8,51987.0,https://sirus.su/api/base/x1/leaderboard/pve?ladder=players&type=dps&aggregation=max&week_from=2026-07-16&week_to=2026-08-19&page=1&i=39&boss=2&specs=9%3A0
four_weeks,2026-07-16,2026-08-19,SSC,Leotheras,9,1,Demonology Warlock,60,24,43149.5,42,42036.5,https://sirus.su/api/base/x1/leaderboard/pve?ladder=players&type=dps&aggregation=max&week_from=2026-07-16&week_to=2026-08-19&page=1&i=39&boss=2&specs=9%3A1
four_weeks,2026-07-16,2026-08-19,SSC,Leotheras,9,2,Destruction Warlock,5,2,49091.5,4,44274.0,https://sirus.su/api/base/x1/leaderboard/pve?ladder=players&type=dps&aggregation=max&week_from=2026-07-16&week_to=2026-08-19&page=1&i=39&boss=2&specs=9%3A2
four_weeks,2026-07-16,2026-08-19,SSC,Leotheras,11,0,Balance Druid,85,34,46177.0,60,44093.0,https://sirus.su/api/base/x1/leaderboard/pve?ladder=players&type=dps&aggregation=max&week_from=2026-07-16&week_to=2026-08-19&page=1&i=39&boss=2&specs=11%3A0
four_weeks,2026-07-16,2026-08-19,SSC,Leotheras,11,1,Feral Druid,16,7,47963.0,12,45016.5,https://sirus.su/api/base/x1/leaderboard/pve?ladder=players&type=dps&aggregation=max&week_from=2026-07-16&week_to=2026-08-19&page=1&i=39&boss=2&specs=11%3A1
four_weeks,2026-07-16,2026-08-19,SSC,Karathress,1,0,Arms Warrior,8,4,33679.5,6,30629.5,https://sirus.su/api/base/x1/leaderboard/pve?ladder=players&type=dps&aggregation=max&week_from=2026-07-16&week_to=2026-08-19&page=1&i=39&boss=3&specs=1%3A0
four_weeks,2026-07-16,2026-08-19,SSC,Karathress,1,1,Fury Warrior,10,4,26969.0,7,23954.0,https://sirus.su/api/base/x1/leaderboard/pve?ladder=players&type=dps&aggregation=max&week_from=2026-07-16&week_to=2026-08-19&page=1&i=39&boss=3&specs=1%3A1
four_weeks,2026-07-16,2026-08-19,SSC,Karathress,2,2,Retribution Paladin,46,19,31203.0,33,27065.0,https://sirus.su/api/base/x1/leaderboard/pve?ladder=players&type=dps&aggregation=max&week_from=2026-07-16&week_to=2026-08-19&page=1&i=39&boss=3&specs=2%3A2
four_weeks,2026-07-16,2026-08-19,SSC,Karathress,3,0,Beast Mastery Hunter,17,7,45021.0,12,37570.5,https://sirus.su/api/base/x1/leaderboard/pve?ladder=players&type=dps&aggregation=max&week_from=2026-07-16&week_to=2026-08-19&page=1&i=39&boss=3&specs=3%3A0
four_weeks,2026-07-16,2026-08-19,SSC,Karathress,3,1,Marksmanship Hunter,30,12,42956.5,21,37070.0,https://sirus.su/api/base/x1/leaderboard/pve?ladder=players&type=dps&aggregation=max&week_from=2026-07-16&week_to=2026-08-19&page=1&i=39&boss=3&specs=3%3A1
four_weeks,2026-07-16,2026-08-19,SSC,Karathress,3,2,Survival Hunter,23,10,40396.0,17,36357.0,https://sirus.su/api/base/x1/leaderboard/pve?ladder=players&type=dps&aggregation=max&week_from=2026-07-16&week_to=2026-08-19&page=1&i=39&boss=3&specs=3%3A2
four_weeks,2026-07-16,2026-08-19,SSC,Karathress,4,0,Assassination Rogue,7,3,29232.0,5,28793.0,https://sirus.su/api/base/x1/leaderboard/pve?ladder=players&type=dps&aggregation=max&week_from=2026-07-16&week_to=2026-08-19&page=1&i=39&boss=3&specs=4%3A0
four_weeks,2026-07-16,2026-08-19,SSC,Karathress,4,1,Combat Rogue,11,5,45604.0,8,43088.5,https://sirus.su/api/base/x1/leaderboard/pve?ladder=players&type=dps&aggregation=max&week_from=2026-07-16&week_to=2026-08-19&page=1&i=39&boss=3&specs=4%3A1
four_weeks,2026-07-16,2026-08-19,SSC,Karathress,4,2,Subtlety Rogue,5,2,16448.0,4,12723.0,https://sirus.su/api/base/x1/leaderboard/pve?ladder=players&type=dps&aggregation=max&week_from=2026-07-16&week_to=2026-08-19&page=1&i=39&boss=3&specs=4%3A2
four_weeks,2026-07-16,2026-08-19,SSC,Karathress,5,2,Shadow Priest,63,26,37476.0,45,33256.0,https://sirus.su/api/base/x1/leaderboard/pve?ladder=players&type=dps&aggregation=max&week_from=2026-07-16&week_to=2026-08-19&page=1&i=39&boss=3&specs=5%3A2
four_weeks,2026-07-16,2026-08-19,SSC,Karathress,6,0,Blood DK,18,8,32259.5,13,30491.0,https://sirus.su/api/base/x1/leaderboard/pve?ladder=players&type=dps&aggregation=max&week_from=2026-07-16&week_to=2026-08-19&page=1&i=39&boss=3&specs=6%3A0
four_weeks,2026-07-16,2026-08-19,SSC,Karathress,6,1,Frost DK,15,6,35105.5,11,32763.0,https://sirus.su/api/base/x1/leaderboard/pve?ladder=players&type=dps&aggregation=max&week_from=2026-07-16&week_to=2026-08-19&page=1&i=39&boss=3&specs=6%3A1
four_weeks,2026-07-16,2026-08-19,SSC,Karathress,6,2,Unholy DK,8,4,30041.0,6,25770.0,https://sirus.su/api/base/x1/leaderboard/pve?ladder=players&type=dps&aggregation=max&week_from=2026-07-16&week_to=2026-08-19&page=1&i=39&boss=3&specs=6%3A2
four_weeks,2026-07-16,2026-08-19,SSC,Karathress,7,0,Elemental Shaman,39,16,40230.5,28,34057.0,https://sirus.su/api/base/x1/leaderboard/pve?ladder=players&type=dps&aggregation=max&week_from=2026-07-16&week_to=2026-08-19&page=1&i=39&boss=3&specs=7%3A0
four_weeks,2026-07-16,2026-08-19,SSC,Karathress,7,1,Enhancement Shaman,34,14,31354.5,24,26967.5,https://sirus.su/api/base/x1/leaderboard/pve?ladder=players&type=dps&aggregation=max&week_from=2026-07-16&week_to=2026-08-19&page=1&i=39&boss=3&specs=7%3A1
four_weeks,2026-07-16,2026-08-19,SSC,Karathress,8,0,Arcane Mage,60,24,44459.0,42,40731.5,https://sirus.su/api/base/x1/leaderboard/pve?ladder=players&type=dps&aggregation=max&week_from=2026-07-16&week_to=2026-08-19&page=1&i=39&boss=3&specs=8%3A0
four_weeks,2026-07-16,2026-08-19,SSC,Karathress,8,1,Fire Mage,26,11,39783.0,19,33002.0,https://sirus.su/api/base/x1/leaderboard/pve?ladder=players&type=dps&aggregation=max&week_from=2026-07-16&week_to=2026-08-19&page=1&i=39&boss=3&specs=8%3A1
four_weeks,2026-07-16,2026-08-19,SSC,Karathress,8,2,Frost Mage,1,1,2625.0,1,2625.0,https://sirus.su/api/base/x1/leaderboard/pve?ladder=players&type=dps&aggregation=max&week_from=2026-07-16&week_to=2026-08-19&page=1&i=39&boss=3&specs=8%3A2
four_weeks,2026-07-16,2026-08-19,SSC,Karathress,9,0,Affliction Warlock,11,5,49712.0,8,48751.5,https://sirus.su/api/base/x1/leaderboard/pve?ladder=players&type=dps&aggregation=max&week_from=2026-07-16&week_to=2026-08-19&page=1&i=39&boss=3&specs=9%3A0
four_weeks,2026-07-16,2026-08-19,SSC,Karathress,9,1,Demonology Warlock,60,24,36034.5,42,32773.5,https://sirus.su/api/base/x1/leaderboard/pve?ladder=players&type=dps&aggregation=max&week_from=2026-07-16&week_to=2026-08-19&page=1&i=39&boss=3&specs=9%3A1
four_weeks,2026-07-16,2026-08-19,SSC,Karathress,9,2,Destruction Warlock,6,3,36963.0,5,36649.0,https://sirus.su/api/base/x1/leaderboard/pve?ladder=players&type=dps&aggregation=max&week_from=2026-07-16&week_to=2026-08-19&page=1&i=39&boss=3&specs=9%3A2
four_weeks,2026-07-16,2026-08-19,SSC,Karathress,11,0,Balance Druid,70,28,41744.5,49,36950.0,https://sirus.su/api/base/x1/leaderboard/pve?ladder=players&type=dps&aggregation=max&week_from=2026-07-16&week_to=2026-08-19&page=1&i=39&boss=3&specs=11%3A0
four_weeks,2026-07-16,2026-08-19,SSC,Karathress,11,1,Feral Druid,17,7,32394.0,12,27505.5,https://sirus.su/api/base/x1/leaderboard/pve?ladder=players&type=dps&aggregation=max&week_from=2026-07-16&week_to=2026-08-19&page=1&i=39&boss=3&specs=11%3A1
four_weeks,2026-07-16,2026-08-19,SSC,Morogrim,1,0,Arms Warrior,14,6,54312.5,10,49886.5,https://sirus.su/api/base/x1/leaderboard/pve?ladder=players&type=dps&aggregation=max&week_from=2026-07-16&week_to=2026-08-19&page=1&i=39&boss=4&specs=1%3A0
four_weeks,2026-07-16,2026-08-19,SSC,Morogrim,1,1,Fury Warrior,8,4,54473.0,6,53125.0,https://sirus.su/api/base/x1/leaderboard/pve?ladder=players&type=dps&aggregation=max&week_from=2026-07-16&week_to=2026-08-19&page=1&i=39&boss=4&specs=1%3A1
four_weeks,2026-07-16,2026-08-19,SSC,Morogrim,2,2,Retribution Paladin,67,27,46485.0,47,43042.0,https://sirus.su/api/base/x1/leaderboard/pve?ladder=players&type=dps&aggregation=max&week_from=2026-07-16&week_to=2026-08-19&page=1&i=39&boss=4&specs=2%3A2
four_weeks,2026-07-16,2026-08-19,SSC,Morogrim,3,0,Beast Mastery Hunter,23,10,55068.0,17,50980.0,https://sirus.su/api/base/x1/leaderboard/pve?ladder=players&type=dps&aggregation=max&week_from=2026-07-16&week_to=2026-08-19&page=1&i=39&boss=4&specs=3%3A0
four_weeks,2026-07-16,2026-08-19,SSC,Morogrim,3,1,Marksmanship Hunter,36,15,55957.0,26,54568.5,https://sirus.su/api/base/x1/leaderboard/pve?ladder=players&type=dps&aggregation=max&week_from=2026-07-16&week_to=2026-08-19&page=1&i=39&boss=4&specs=3%3A1
four_weeks,2026-07-16,2026-08-19,SSC,Morogrim,3,2,Survival Hunter,28,12,49990.0,20,47271.5,https://sirus.su/api/base/x1/leaderboard/pve?ladder=players&type=dps&aggregation=max&week_from=2026-07-16&week_to=2026-08-19&page=1&i=39&boss=4&specs=3%3A2
four_weeks,2026-07-16,2026-08-19,SSC,Morogrim,4,0,Assassination Rogue,11,5,44265.0,8,41636.0,https://sirus.su/api/base/x1/leaderboard/pve?ladder=players&type=dps&aggregation=max&week_from=2026-07-16&week_to=2026-08-19&page=1&i=39&boss=4&specs=4%3A0
four_weeks,2026-07-16,2026-08-19,SSC,Morogrim,4,1,Combat Rogue,13,6,61049.0,10,59680.5,https://sirus.su/api/base/x1/leaderboard/pve?ladder=players&type=dps&aggregation=max&week_from=2026-07-16&week_to=2026-08-19&page=1&i=39&boss=4&specs=4%3A1
four_weeks,2026-07-16,2026-08-19,SSC,Morogrim,4,2,Subtlety Rogue,6,3,35614.0,5,33205.0,https://sirus.su/api/base/x1/leaderboard/pve?ladder=players&type=dps&aggregation=max&week_from=2026-07-16&week_to=2026-08-19&page=1&i=39&boss=4&specs=4%3A2
four_weeks,2026-07-16,2026-08-19,SSC,Morogrim,5,2,Shadow Priest,64,26,49029.5,45,47295.0,https://sirus.su/api/base/x1/leaderboard/pve?ladder=players&type=dps&aggregation=max&week_from=2026-07-16&week_to=2026-08-19&page=1&i=39&boss=4&specs=5%3A2
four_weeks,2026-07-16,2026-08-19,SSC,Morogrim,6,0,Blood DK,27,11,54153.0,19,48098.0,https://sirus.su/api/base/x1/leaderboard/pve?ladder=players&type=dps&aggregation=max&week_from=2026-07-16&week_to=2026-08-19&page=1&i=39&boss=4&specs=6%3A0
four_weeks,2026-07-16,2026-08-19,SSC,Morogrim,6,1,Frost DK,16,7,45786.0,12,44361.0,https://sirus.su/api/base/x1/leaderboard/pve?ladder=players&type=dps&aggregation=max&week_from=2026-07-16&week_to=2026-08-19&page=1&i=39&boss=4&specs=6%3A1
four_weeks,2026-07-16,2026-08-19,SSC,Morogrim,6,2,Unholy DK,12,5,48924.0,9,46657.0,https://sirus.su/api/base/x1/leaderboard/pve?ladder=players&type=dps&aggregation=max&week_from=2026-07-16&week_to=2026-08-19&page=1&i=39&boss=4&specs=6%3A2
four_weeks,2026-07-16,2026-08-19,SSC,Morogrim,7,0,Elemental Shaman,40,16,56296.5,28,52881.0,https://sirus.su/api/base/x1/leaderboard/pve?ladder=players&type=dps&aggregation=max&week_from=2026-07-16&week_to=2026-08-19&page=1&i=39&boss=4&specs=7%3A0
four_weeks,2026-07-16,2026-08-19,SSC,Morogrim,7,1,Enhancement Shaman,32,13,53878.0,23,49152.0,https://sirus.su/api/base/x1/leaderboard/pve?ladder=players&type=dps&aggregation=max&week_from=2026-07-16&week_to=2026-08-19&page=1&i=39&boss=4&specs=7%3A1
four_weeks,2026-07-16,2026-08-19,SSC,Morogrim,8,0,Arcane Mage,63,26,67288.5,45,62273.0,https://sirus.su/api/base/x1/leaderboard/pve?ladder=players&type=dps&aggregation=max&week_from=2026-07-16&week_to=2026-08-19&page=1&i=39&boss=4&specs=8%3A0
four_weeks,2026-07-16,2026-08-19,SSC,Morogrim,8,1,Fire Mage,30,12,54564.0,21,51464.0,https://sirus.su/api/base/x1/leaderboard/pve?ladder=players&type=dps&aggregation=max&week_from=2026-07-16&week_to=2026-08-19&page=1&i=39&boss=4&specs=8%3A1
four_weeks,2026-07-16,2026-08-19,SSC,Morogrim,8,2,Frost Mage,6,3,41451.0,5,39658.0,https://sirus.su/api/base/x1/leaderboard/pve?ladder=players&type=dps&aggregation=max&week_from=2026-07-16&week_to=2026-08-19&page=1&i=39&boss=4&specs=8%3A2
four_weeks,2026-07-16,2026-08-19,SSC,Morogrim,9,0,Affliction Warlock,12,5,55621.0,9,54966.0,https://sirus.su/api/base/x1/leaderboard/pve?ladder=players&type=dps&aggregation=max&week_from=2026-07-16&week_to=2026-08-19&page=1&i=39&boss=4&specs=9%3A0
four_weeks,2026-07-16,2026-08-19,SSC,Morogrim,9,1,Demonology Warlock,67,27,57428.0,47,50483.0,https://sirus.su/api/base/x1/leaderboard/pve?ladder=players&type=dps&aggregation=max&week_from=2026-07-16&week_to=2026-08-19&page=1&i=39&boss=4&specs=9%3A1
four_weeks,2026-07-16,2026-08-19,SSC,Morogrim,9,2,Destruction Warlock,5,2,51381.0,4,44655.0,https://sirus.su/api/base/x1/leaderboard/pve?ladder=players&type=dps&aggregation=max&week_from=2026-07-16&week_to=2026-08-19&page=1&i=39&boss=4&specs=9%3A2
four_weeks,2026-07-16,2026-08-19,SSC,Morogrim,11,0,Balance Druid,81,33,55479.0,57,51936.0,https://sirus.su/api/base/x1/leaderboard/pve?ladder=players&type=dps&aggregation=max&week_from=2026-07-16&week_to=2026-08-19&page=1&i=39&boss=4&specs=11%3A0
four_weeks,2026-07-16,2026-08-19,SSC,Morogrim,11,1,Feral Druid,23,10,57647.5,17,51031.0,https://sirus.su/api/base/x1/leaderboard/pve?ladder=players&type=dps&aggregation=max&week_from=2026-07-16&week_to=2026-08-19&page=1&i=39&boss=4&specs=11%3A1
four_weeks,2026-07-16,2026-08-19,SSC,Lady Vashj,1,0,Arms Warrior,8,4,42462.5,6,39823.5,https://sirus.su/api/base/x1/leaderboard/pve?ladder=players&type=dps&aggregation=max&week_from=2026-07-16&week_to=2026-08-19&page=1&i=39&boss=5&specs=1%3A0
four_weeks,2026-07-16,2026-08-19,SSC,Lady Vashj,1,1,Fury Warrior,5,2,41102.0,4,38986.0,https://sirus.su/api/base/x1/leaderboard/pve?ladder=players&type=dps&aggregation=max&week_from=2026-07-16&week_to=2026-08-19&page=1&i=39&boss=5&specs=1%3A1
four_weeks,2026-07-16,2026-08-19,SSC,Lady Vashj,2,2,Retribution Paladin,28,12,43542.5,20,41437.0,https://sirus.su/api/base/x1/leaderboard/pve?ladder=players&type=dps&aggregation=max&week_from=2026-07-16&week_to=2026-08-19&page=1&i=39&boss=5&specs=2%3A2
four_weeks,2026-07-16,2026-08-19,SSC,Lady Vashj,3,0,Beast Mastery Hunter,47,19,27210.0,33,23643.0,https://sirus.su/api/base/x1/leaderboard/pve?ladder=players&type=dps&aggregation=max&week_from=2026-07-16&week_to=2026-08-19&page=1&i=39&boss=5&specs=3%3A0
four_weeks,2026-07-16,2026-08-19,SSC,Lady Vashj,3,1,Marksmanship Hunter,8,4,25863.5,6,25415.5,https://sirus.su/api/base/x1/leaderboard/pve?ladder=players&type=dps&aggregation=max&week_from=2026-07-16&week_to=2026-08-19&page=1&i=39&boss=5&specs=3%3A1
four_weeks,2026-07-16,2026-08-19,SSC,Lady Vashj,3,2,Survival Hunter,5,2,26341.5,4,25344.5,https://sirus.su/api/base/x1/leaderboard/pve?ladder=players&type=dps&aggregation=max&week_from=2026-07-16&week_to=2026-08-19&page=1&i=39&boss=5&specs=3%3A2
four_weeks,2026-07-16,2026-08-19,SSC,Lady Vashj,4,0,Assassination Rogue,5,2,42897.5,4,41504.5,https://sirus.su/api/base/x1/leaderboard/pve?ladder=players&type=dps&aggregation=max&week_from=2026-07-16&week_to=2026-08-19&page=1&i=39&boss=5&specs=4%3A0
four_weeks,2026-07-16,2026-08-19,SSC,Lady Vashj,4,1,Combat Rogue,13,6,52420.5,10,49296.0,https://sirus.su/api/base/x1/leaderboard/pve?ladder=players&type=dps&aggregation=max&week_from=2026-07-16&week_to=2026-08-19&page=1&i=39&boss=5&specs=4%3A1
four_weeks,2026-07-16,2026-08-19,SSC,Lady Vashj,4,2,Subtlety Rogue,5,2,42804.5,4,42105.0,https://sirus.su/api/base/x1/leaderboard/pve?ladder=players&type=dps&aggregation=max&week_from=2026-07-16&week_to=2026-08-19&page=1&i=39&boss=5&specs=4%3A2
four_weeks,2026-07-16,2026-08-19,SSC,Lady Vashj,5,2,Shadow Priest,36,15,36063.0,26,33726.0,https://sirus.su/api/base/x1/leaderboard/pve?ladder=players&type=dps&aggregation=max&week_from=2026-07-16&week_to=2026-08-19&page=1&i=39&boss=5&specs=5%3A2
four_weeks,2026-07-16,2026-08-19,SSC,Lady Vashj,6,0,Blood DK,14,6,48541.5,10,46835.0,https://sirus.su/api/base/x1/leaderboard/pve?ladder=players&type=dps&aggregation=max&week_from=2026-07-16&week_to=2026-08-19&page=1&i=39&boss=5&specs=6%3A0
four_weeks,2026-07-16,2026-08-19,SSC,Lady Vashj,6,1,Frost DK,11,5,43905.0,8,43066.0,https://sirus.su/api/base/x1/leaderboard/pve?ladder=players&type=dps&aggregation=max&week_from=2026-07-16&week_to=2026-08-19&page=1&i=39&boss=5&specs=6%3A1
four_weeks,2026-07-16,2026-08-19,SSC,Lady Vashj,6,2,Unholy DK,4,2,47273.5,3,46469.0,https://sirus.su/api/base/x1/leaderboard/pve?ladder=players&type=dps&aggregation=max&week_from=2026-07-16&week_to=2026-08-19&page=1&i=39&boss=5&specs=6%3A2
four_weeks,2026-07-16,2026-08-19,SSC,Lady Vashj,7,0,Elemental Shaman,30,12,38782.5,21,35057.0,https://sirus.su/api/base/x1/leaderboard/pve?ladder=players&type=dps&aggregation=max&week_from=2026-07-16&week_to=2026-08-19&page=1&i=39&boss=5&specs=7%3A0
four_weeks,2026-07-16,2026-08-19,SSC,Lady Vashj,7,1,Enhancement Shaman,23,10,43744.5,17,39768.0,https://sirus.su/api/base/x1/leaderboard/pve?ladder=players&type=dps&aggregation=max&week_from=2026-07-16&week_to=2026-08-19&page=1&i=39&boss=5&specs=7%3A1
four_weeks,2026-07-16,2026-08-19,SSC,Lady Vashj,8,0,Arcane Mage,42,17,53477.0,30,47733.5,https://sirus.su/api/base/x1/leaderboard/pve?ladder=players&type=dps&aggregation=max&week_from=2026-07-16&week_to=2026-08-19&page=1&i=39&boss=5&specs=8%3A0
four_weeks,2026-07-16,2026-08-19,SSC,Lady Vashj,8,1,Fire Mage,21,9,43358.0,15,39027.0,https://sirus.su/api/base/x1/leaderboard/pve?ladder=players&type=dps&aggregation=max&week_from=2026-07-16&week_to=2026-08-19&page=1&i=39&boss=5&specs=8%3A1
four_weeks,2026-07-16,2026-08-19,SSC,Lady Vashj,8,2,Frost Mage,6,3,14948.0,5,14637.0,https://sirus.su/api/base/x1/leaderboard/pve?ladder=players&type=dps&aggregation=max&week_from=2026-07-16&week_to=2026-08-19&page=1&i=39&boss=5&specs=8%3A2
four_weeks,2026-07-16,2026-08-19,SSC,Lady Vashj,9,0,Affliction Warlock,12,5,50304.0,9,47669.0,https://sirus.su/api/base/x1/leaderboard/pve?ladder=players&type=dps&aggregation=max&week_from=2026-07-16&week_to=2026-08-19&page=1&i=39&boss=5&specs=9%3A0
four_weeks,2026-07-16,2026-08-19,SSC,Lady Vashj,9,1,Demonology Warlock,38,16,37429.5,27,35233.0,https://sirus.su/api/base/x1/leaderboard/pve?ladder=players&type=dps&aggregation=max&week_from=2026-07-16&week_to=2026-08-19&page=1&i=39&boss=5&specs=9%3A1
four_weeks,2026-07-16,2026-08-19,SSC,Lady Vashj,9,2,Destruction Warlock,9,4,33537.0,7,31078.0,https://sirus.su/api/base/x1/leaderboard/pve?ladder=players&type=dps&aggregation=max&week_from=2026-07-16&week_to=2026-08-19&page=1&i=39&boss=5&specs=9%3A2
four_weeks,2026-07-16,2026-08-19,SSC,Lady Vashj,11,0,Balance Druid,44,18,37808.0,31,35304.0,https://sirus.su/api/base/x1/leaderboard/pve?ladder=players&type=dps&aggregation=max&week_from=2026-07-16&week_to=2026-08-19&page=1&i=39&boss=5&specs=11%3A0
four_weeks,2026-07-16,2026-08-19,SSC,Lady Vashj,11,1,Feral Druid,15,6,42306.5,11,38353.0,https://sirus.su/api/base/x1/leaderboard/pve?ladder=players&type=dps&aggregation=max&week_from=2026-07-16&week_to=2026-08-19&page=1&i=39&boss=5&specs=11%3A1
two_weeks,2026-07-30,2026-08-19,TK,Alar,1,0,Arms Warrior,11,5,33010.0,8,29830.5,https://sirus.su/api/base/x1/leaderboard/pve?ladder=players&type=dps&aggregation=max&week_from=2026-07-30&week_to=2026-08-19&page=1&i=38&boss=0&specs=1%3A0
two_weeks,2026-07-30,2026-08-19,TK,Alar,1,1,Fury Warrior,3,2,31967.5,3,31963.0,https://sirus.su/api/base/x1/leaderboard/pve?ladder=players&type=dps&aggregation=max&week_from=2026-07-30&week_to=2026-08-19&page=1&i=38&boss=0&specs=1%3A1
two_weeks,2026-07-30,2026-08-19,TK,Alar,2,2,Retribution Paladin,45,18,37397.5,32,33311.5,https://sirus.su/api/base/x1/leaderboard/pve?ladder=players&type=dps&aggregation=max&week_from=2026-07-30&week_to=2026-08-19&page=1&i=38&boss=0&specs=2%3A2
two_weeks,2026-07-30,2026-08-19,TK,Alar,3,0,Beast Mastery Hunter,13,6,38621.5,10,36199.0,https://sirus.su/api/base/x1/leaderboard/pve?ladder=players&type=dps&aggregation=max&week_from=2026-07-30&week_to=2026-08-19&page=1&i=38&boss=0&specs=3%3A0
two_weeks,2026-07-30,2026-08-19,TK,Alar,3,1,Marksmanship Hunter,29,12,42189.0,21,35727.0,https://sirus.su/api/base/x1/leaderboard/pve?ladder=players&type=dps&aggregation=max&week_from=2026-07-30&week_to=2026-08-19&page=1&i=38&boss=0&specs=3%3A1
two_weeks,2026-07-30,2026-08-19,TK,Alar,3,2,Survival Hunter,15,6,39260.5,11,37563.0,https://sirus.su/api/base/x1/leaderboard/pve?ladder=players&type=dps&aggregation=max&week_from=2026-07-30&week_to=2026-08-19&page=1&i=38&boss=0&specs=3%3A2
two_weeks,2026-07-30,2026-08-19,TK,Alar,4,0,Assassination Rogue,8,4,25307.0,6,23335.0,https://sirus.su/api/base/x1/leaderboard/pve?ladder=players&type=dps&aggregation=max&week_from=2026-07-30&week_to=2026-08-19&page=1&i=38&boss=0&specs=4%3A0
two_weeks,2026-07-30,2026-08-19,TK,Alar,4,1,Combat Rogue,11,5,34653.0,8,33213.0,https://sirus.su/api/base/x1/leaderboard/pve?ladder=players&type=dps&aggregation=max&week_from=2026-07-30&week_to=2026-08-19&page=1&i=38&boss=0&specs=4%3A1
two_weeks,2026-07-30,2026-08-19,TK,Alar,4,2,Subtlety Rogue,5,2,24700.5,4,22942.0,https://sirus.su/api/base/x1/leaderboard/pve?ladder=players&type=dps&aggregation=max&week_from=2026-07-30&week_to=2026-08-19&page=1&i=38&boss=0&specs=4%3A2
two_weeks,2026-07-30,2026-08-19,TK,Alar,5,2,Shadow Priest,36,15,40798.0,26,38882.0,https://sirus.su/api/base/x1/leaderboard/pve?ladder=players&type=dps&aggregation=max&week_from=2026-07-30&week_to=2026-08-19&page=1&i=38&boss=0&specs=5%3A2
two_weeks,2026-07-30,2026-08-19,TK,Alar,6,0,Blood DK,21,9,36494.0,15,30654.0,https://sirus.su/api/base/x1/leaderboard/pve?ladder=players&type=dps&aggregation=max&week_from=2026-07-30&week_to=2026-08-19&page=1&i=38&boss=0&specs=6%3A0
two_weeks,2026-07-30,2026-08-19,TK,Alar,6,1,Frost DK,6,3,28997.0,5,26629.0,https://sirus.su/api/base/x1/leaderboard/pve?ladder=players&type=dps&aggregation=max&week_from=2026-07-30&week_to=2026-08-19&page=1&i=38&boss=0&specs=6%3A1
two_weeks,2026-07-30,2026-08-19,TK,Alar,6,2,Unholy DK,9,4,33981.0,7,29220.0,https://sirus.su/api/base/x1/leaderboard/pve?ladder=players&type=dps&aggregation=max&week_from=2026-07-30&week_to=2026-08-19&page=1&i=38&boss=0&specs=6%3A2
two_weeks,2026-07-30,2026-08-19,TK,Alar,7,0,Elemental Shaman,30,12,40075.5,21,37272.0,https://sirus.su/api/base/x1/leaderboard/pve?ladder=players&type=dps&aggregation=max&week_from=2026-07-30&week_to=2026-08-19&page=1&i=38&boss=0&specs=7%3A0
two_weeks,2026-07-30,2026-08-19,TK,Alar,7,1,Enhancement Shaman,21,9,31829.0,15,29468.0,https://sirus.su/api/base/x1/leaderboard/pve?ladder=players&type=dps&aggregation=max&week_from=2026-07-30&week_to=2026-08-19&page=1&i=38&boss=0&specs=7%3A1
two_weeks,2026-07-30,2026-08-19,TK,Alar,8,0,Arcane Mage,25,10,40765.5,18,37332.5,https://sirus.su/api/base/x1/leaderboard/pve?ladder=players&type=dps&aggregation=max&week_from=2026-07-30&week_to=2026-08-19&page=1&i=38&boss=0&specs=8%3A0
two_weeks,2026-07-30,2026-08-19,TK,Alar,8,1,Fire Mage,11,5,33397.0,8,28973.0,https://sirus.su/api/base/x1/leaderboard/pve?ladder=players&type=dps&aggregation=max&week_from=2026-07-30&week_to=2026-08-19&page=1&i=38&boss=0&specs=8%3A1
two_weeks,2026-07-30,2026-08-19,TK,Alar,8,2,Frost Mage,16,7,23043.0,12,19724.0,https://sirus.su/api/base/x1/leaderboard/pve?ladder=players&type=dps&aggregation=max&week_from=2026-07-30&week_to=2026-08-19&page=1&i=38&boss=0&specs=8%3A2
two_weeks,2026-07-30,2026-08-19,TK,Alar,9,0,Affliction Warlock,8,4,39367.0,6,38018.0,https://sirus.su/api/base/x1/leaderboard/pve?ladder=players&type=dps&aggregation=max&week_from=2026-07-30&week_to=2026-08-19&page=1&i=38&boss=0&specs=9%3A0
two_weeks,2026-07-30,2026-08-19,TK,Alar,9,1,Demonology Warlock,43,18,42328.5,31,40041.0,https://sirus.su/api/base/x1/leaderboard/pve?ladder=players&type=dps&aggregation=max&week_from=2026-07-30&week_to=2026-08-19&page=1&i=38&boss=0&specs=9%3A1
two_weeks,2026-07-30,2026-08-19,TK,Alar,9,2,Destruction Warlock,5,2,32350.5,4,29637.0,https://sirus.su/api/base/x1/leaderboard/pve?ladder=players&type=dps&aggregation=max&week_from=2026-07-30&week_to=2026-08-19&page=1&i=38&boss=0&specs=9%3A2
two_weeks,2026-07-30,2026-08-19,TK,Alar,11,0,Balance Druid,54,22,45333.5,38,39259.5,https://sirus.su/api/base/x1/leaderboard/pve?ladder=players&type=dps&aggregation=max&week_from=2026-07-30&week_to=2026-08-19&page=1&i=38&boss=0&specs=11%3A0
two_weeks,2026-07-30,2026-08-19,TK,Alar,11,1,Feral Druid,14,6,35114.0,10,32149.5,https://sirus.su/api/base/x1/leaderboard/pve?ladder=players&type=dps&aggregation=max&week_from=2026-07-30&week_to=2026-08-19&page=1&i=38&boss=0&specs=11%3A1
two_weeks,2026-07-30,2026-08-19,TK,Void Reaver,1,0,Arms Warrior,16,7,41840.0,12,38533.5,https://sirus.su/api/base/x1/leaderboard/pve?ladder=players&type=dps&aggregation=max&week_from=2026-07-30&week_to=2026-08-19&page=1&i=38&boss=1&specs=1%3A0
two_weeks,2026-07-30,2026-08-19,TK,Void Reaver,1,1,Fury Warrior,5,2,39804.0,4,39435.0,https://sirus.su/api/base/x1/leaderboard/pve?ladder=players&type=dps&aggregation=max&week_from=2026-07-30&week_to=2026-08-19&page=1&i=38&boss=1&specs=1%3A1
two_weeks,2026-07-30,2026-08-19,TK,Void Reaver,2,2,Retribution Paladin,56,23,43707.0,40,39224.0,https://sirus.su/api/base/x1/leaderboard/pve?ladder=players&type=dps&aggregation=max&week_from=2026-07-30&week_to=2026-08-19&page=1&i=38&boss=1&specs=2%3A2
two_weeks,2026-07-30,2026-08-19,TK,Void Reaver,3,0,Beast Mastery Hunter,17,7,46576.0,12,41590.5,https://sirus.su/api/base/x1/leaderboard/pve?ladder=players&type=dps&aggregation=max&week_from=2026-07-30&week_to=2026-08-19&page=1&i=38&boss=1&specs=3%3A0
two_weeks,2026-07-30,2026-08-19,TK,Void Reaver,3,1,Marksmanship Hunter,30,12,51735.0,21,47513.0,https://sirus.su/api/base/x1/leaderboard/pve?ladder=players&type=dps&aggregation=max&week_from=2026-07-30&week_to=2026-08-19&page=1&i=38&boss=1&specs=3%3A1
two_weeks,2026-07-30,2026-08-19,TK,Void Reaver,3,2,Survival Hunter,17,7,42850.0,12,41441.5,https://sirus.su/api/base/x1/leaderboard/pve?ladder=players&type=dps&aggregation=max&week_from=2026-07-30&week_to=2026-08-19&page=1&i=38&boss=1&specs=3%3A2
two_weeks,2026-07-30,2026-08-19,TK,Void Reaver,4,0,Assassination Rogue,8,4,39604.5,6,38234.0,https://sirus.su/api/base/x1/leaderboard/pve?ladder=players&type=dps&aggregation=max&week_from=2026-07-30&week_to=2026-08-19&page=1&i=38&boss=1&specs=4%3A0
two_weeks,2026-07-30,2026-08-19,TK,Void Reaver,4,1,Combat Rogue,8,4,47364.0,6,44666.5,https://sirus.su/api/base/x1/leaderboard/pve?ladder=players&type=dps&aggregation=max&week_from=2026-07-30&week_to=2026-08-19&page=1&i=38&boss=1&specs=4%3A1
two_weeks,2026-07-30,2026-08-19,TK,Void Reaver,4,2,Subtlety Rogue,7,3,39256.0,5,36711.0,https://sirus.su/api/base/x1/leaderboard/pve?ladder=players&type=dps&aggregation=max&week_from=2026-07-30&week_to=2026-08-19&page=1&i=38&boss=1&specs=4%3A2
two_weeks,2026-07-30,2026-08-19,TK,Void Reaver,5,2,Shadow Priest,46,19,47295.0,33,44600.0,https://sirus.su/api/base/x1/leaderboard/pve?ladder=players&type=dps&aggregation=max&week_from=2026-07-30&week_to=2026-08-19&page=1&i=38&boss=1&specs=5%3A2
two_weeks,2026-07-30,2026-08-19,TK,Void Reaver,6,0,Blood DK,20,8,45205.5,14,38591.5,https://sirus.su/api/base/x1/leaderboard/pve?ladder=players&type=dps&aggregation=max&week_from=2026-07-30&week_to=2026-08-19&page=1&i=38&boss=1&specs=6%3A0
two_weeks,2026-07-30,2026-08-19,TK,Void Reaver,6,1,Frost DK,9,4,44378.5,7,41147.0,https://sirus.su/api/base/x1/leaderboard/pve?ladder=players&type=dps&aggregation=max&week_from=2026-07-30&week_to=2026-08-19&page=1&i=38&boss=1&specs=6%3A1
two_weeks,2026-07-30,2026-08-19,TK,Void Reaver,6,2,Unholy DK,10,4,40499.5,7,39895.0,https://sirus.su/api/base/x1/leaderboard/pve?ladder=players&type=dps&aggregation=max&week_from=2026-07-30&week_to=2026-08-19&page=1&i=38&boss=1&specs=6%3A2
two_weeks,2026-07-30,2026-08-19,TK,Void Reaver,7,0,Elemental Shaman,33,14,46744.0,24,43845.0,https://sirus.su/api/base/x1/leaderboard/pve?ladder=players&type=dps&aggregation=max&week_from=2026-07-30&week_to=2026-08-19&page=1&i=38&boss=1&specs=7%3A0
two_weeks,2026-07-30,2026-08-19,TK,Void Reaver,7,1,Enhancement Shaman,27,11,41672.0,19,40464.0,https://sirus.su/api/base/x1/leaderboard/pve?ladder=players&type=dps&aggregation=max&week_from=2026-07-30&week_to=2026-08-19&page=1&i=38&boss=1&specs=7%3A1
two_weeks,2026-07-30,2026-08-19,TK,Void Reaver,8,0,Arcane Mage,47,19,56545.0,33,47948.0,https://sirus.su/api/base/x1/leaderboard/pve?ladder=players&type=dps&aggregation=max&week_from=2026-07-30&week_to=2026-08-19&page=1&i=38&boss=1&specs=8%3A0
two_weeks,2026-07-30,2026-08-19,TK,Void Reaver,8,1,Fire Mage,24,10,48657.5,17,42254.0,https://sirus.su/api/base/x1/leaderboard/pve?ladder=players&type=dps&aggregation=max&week_from=2026-07-30&week_to=2026-08-19&page=1&i=38&boss=1&specs=8%3A1
two_weeks,2026-07-30,2026-08-19,TK,Void Reaver,8,2,Frost Mage,2,1,47309.0,2,44700.5,https://sirus.su/api/base/x1/leaderboard/pve?ladder=players&type=dps&aggregation=max&week_from=2026-07-30&week_to=2026-08-19&page=1&i=38&boss=1&specs=8%3A2
two_weeks,2026-07-30,2026-08-19,TK,Void Reaver,9,0,Affliction Warlock,7,3,53587.0,5,53177.0,https://sirus.su/api/base/x1/leaderboard/pve?ladder=players&type=dps&aggregation=max&week_from=2026-07-30&week_to=2026-08-19&page=1&i=38&boss=1&specs=9%3A0
two_weeks,2026-07-30,2026-08-19,TK,Void Reaver,9,1,Demonology Warlock,46,19,43632.0,33,41218.0,https://sirus.su/api/base/x1/leaderboard/pve?ladder=players&type=dps&aggregation=max&week_from=2026-07-30&week_to=2026-08-19&page=1&i=38&boss=1&specs=9%3A1
two_weeks,2026-07-30,2026-08-19,TK,Void Reaver,9,2,Destruction Warlock,9,4,41216.5,7,36070.0,https://sirus.su/api/base/x1/leaderboard/pve?ladder=players&type=dps&aggregation=max&week_from=2026-07-30&week_to=2026-08-19&page=1&i=38&boss=1&specs=9%3A2
two_weeks,2026-07-30,2026-08-19,TK,Void Reaver,11,0,Balance Druid,64,26,46309.5,45,43048.0,https://sirus.su/api/base/x1/leaderboard/pve?ladder=players&type=dps&aggregation=max&week_from=2026-07-30&week_to=2026-08-19&page=1&i=38&boss=1&specs=11%3A0
two_weeks,2026-07-30,2026-08-19,TK,Void Reaver,11,1,Feral Druid,16,7,43116.0,12,38835.0,https://sirus.su/api/base/x1/leaderboard/pve?ladder=players&type=dps&aggregation=max&week_from=2026-07-30&week_to=2026-08-19&page=1&i=38&boss=1&specs=11%3A1
two_weeks,2026-07-30,2026-08-19,TK,Solarian,1,0,Arms Warrior,10,4,38798.5,7,36966.0,https://sirus.su/api/base/x1/leaderboard/pve?ladder=players&type=dps&aggregation=max&week_from=2026-07-30&week_to=2026-08-19&page=1&i=38&boss=2&specs=1%3A0
two_weeks,2026-07-30,2026-08-19,TK,Solarian,1,1,Fury Warrior,3,2,38040.0,3,37982.0,https://sirus.su/api/base/x1/leaderboard/pve?ladder=players&type=dps&aggregation=max&week_from=2026-07-30&week_to=2026-08-19&page=1&i=38&boss=2&specs=1%3A1
two_weeks,2026-07-30,2026-08-19,TK,Solarian,2,2,Retribution Paladin,37,15,39165.0,26,35676.0,https://sirus.su/api/base/x1/leaderboard/pve?ladder=players&type=dps&aggregation=max&week_from=2026-07-30&week_to=2026-08-19&page=1&i=38&boss=2&specs=2%3A2
two_weeks,2026-07-30,2026-08-19,TK,Solarian,3,0,Beast Mastery Hunter,10,4,42156.0,7,39600.0,https://sirus.su/api/base/x1/leaderboard/pve?ladder=players&type=dps&aggregation=max&week_from=2026-07-30&week_to=2026-08-19&page=1&i=38&boss=2&specs=3%3A0
two_weeks,2026-07-30,2026-08-19,TK,Solarian,3,1,Marksmanship Hunter,24,10,44061.5,17,39677.0,https://sirus.su/api/base/x1/leaderboard/pve?ladder=players&type=dps&aggregation=max&week_from=2026-07-30&week_to=2026-08-19&page=1&i=38&boss=2&specs=3%3A1
two_weeks,2026-07-30,2026-08-19,TK,Solarian,3,2,Survival Hunter,12,5,40345.0,9,37827.0,https://sirus.su/api/base/x1/leaderboard/pve?ladder=players&type=dps&aggregation=max&week_from=2026-07-30&week_to=2026-08-19&page=1&i=38&boss=2&specs=3%3A2
two_weeks,2026-07-30,2026-08-19,TK,Solarian,4,0,Assassination Rogue,8,4,34900.5,6,31391.5,https://sirus.su/api/base/x1/leaderboard/pve?ladder=players&type=dps&aggregation=max&week_from=2026-07-30&week_to=2026-08-19&page=1&i=38&boss=2&specs=4%3A0
two_weeks,2026-07-30,2026-08-19,TK,Solarian,4,1,Combat Rogue,7,3,48927.0,5,42173.0,https://sirus.su/api/base/x1/leaderboard/pve?ladder=players&type=dps&aggregation=max&week_from=2026-07-30&week_to=2026-08-19&page=1&i=38&boss=2&specs=4%3A1
two_weeks,2026-07-30,2026-08-19,TK,Solarian,4,2,Subtlety Rogue,6,3,31857.0,5,30957.0,https://sirus.su/api/base/x1/leaderboard/pve?ladder=players&type=dps&aggregation=max&week_from=2026-07-30&week_to=2026-08-19&page=1&i=38&boss=2&specs=4%3A2
two_weeks,2026-07-30,2026-08-19,TK,Solarian,5,2,Shadow Priest,34,14,42415.5,24,40949.5,https://sirus.su/api/base/x1/leaderboard/pve?ladder=players&type=dps&aggregation=max&week_from=2026-07-30&week_to=2026-08-19&page=1&i=38&boss=2&specs=5%3A2
two_weeks,2026-07-30,2026-08-19,TK,Solarian,6,0,Blood DK,20,8,44143.5,14,39386.0,https://sirus.su/api/base/x1/leaderboard/pve?ladder=players&type=dps&aggregation=max&week_from=2026-07-30&week_to=2026-08-19&page=1&i=38&boss=2&specs=6%3A0
two_weeks,2026-07-30,2026-08-19,TK,Solarian,6,1,Frost DK,8,4,36865.5,6,32548.0,https://sirus.su/api/base/x1/leaderboard/pve?ladder=players&type=dps&aggregation=max&week_from=2026-07-30&week_to=2026-08-19&page=1&i=38&boss=2&specs=6%3A1
two_weeks,2026-07-30,2026-08-19,TK,Solarian,6,2,Unholy DK,6,3,34713.0,5,31008.0,https://sirus.su/api/base/x1/leaderboard/pve?ladder=players&type=dps&aggregation=max&week_from=2026-07-30&week_to=2026-08-19&page=1&i=38&boss=2&specs=6%3A2
two_weeks,2026-07-30,2026-08-19,TK,Solarian,7,0,Elemental Shaman,31,13,41688.0,22,39830.5,https://sirus.su/api/base/x1/leaderboard/pve?ladder=players&type=dps&aggregation=max&week_from=2026-07-30&week_to=2026-08-19&page=1&i=38&boss=2&specs=7%3A0
two_weeks,2026-07-30,2026-08-19,TK,Solarian,7,1,Enhancement Shaman,23,10,37794.0,17,35414.0,https://sirus.su/api/base/x1/leaderboard/pve?ladder=players&type=dps&aggregation=max&week_from=2026-07-30&week_to=2026-08-19&page=1&i=38&boss=2&specs=7%3A1
two_weeks,2026-07-30,2026-08-19,TK,Solarian,8,0,Arcane Mage,48,20,53819.0,34,47830.0,https://sirus.su/api/base/x1/leaderboard/pve?ladder=players&type=dps&aggregation=max&week_from=2026-07-30&week_to=2026-08-19&page=1&i=38&boss=2&specs=8%3A0
two_weeks,2026-07-30,2026-08-19,TK,Solarian,8,1,Fire Mage,15,6,45206.5,11,42708.0,https://sirus.su/api/base/x1/leaderboard/pve?ladder=players&type=dps&aggregation=max&week_from=2026-07-30&week_to=2026-08-19&page=1&i=38&boss=2&specs=8%3A1
two_weeks,2026-07-30,2026-08-19,TK,Solarian,8,2,Frost Mage,0,0,,0,,https://sirus.su/api/base/x1/leaderboard/pve?ladder=players&type=dps&aggregation=max&week_from=2026-07-30&week_to=2026-08-19&page=1&i=38&boss=2&specs=8%3A2
two_weeks,2026-07-30,2026-08-19,TK,Solarian,9,0,Affliction Warlock,7,3,46756.0,5,46178.0,https://sirus.su/api/base/x1/leaderboard/pve?ladder=players&type=dps&aggregation=max&week_from=2026-07-30&week_to=2026-08-19&page=1&i=38&boss=2&specs=9%3A0
two_weeks,2026-07-30,2026-08-19,TK,Solarian,9,1,Demonology Warlock,41,17,42116.0,29,39645.0,https://sirus.su/api/base/x1/leaderboard/pve?ladder=players&type=dps&aggregation=max&week_from=2026-07-30&week_to=2026-08-19&page=1&i=38&boss=2&specs=9%3A1
two_weeks,2026-07-30,2026-08-19,TK,Solarian,9,2,Destruction Warlock,3,2,35858.5,3,34965.0,https://sirus.su/api/base/x1/leaderboard/pve?ladder=players&type=dps&aggregation=max&week_from=2026-07-30&week_to=2026-08-19&page=1&i=38&boss=2&specs=9%3A2
two_weeks,2026-07-30,2026-08-19,TK,Solarian,11,0,Balance Druid,51,21,42894.0,36,38720.5,https://sirus.su/api/base/x1/leaderboard/pve?ladder=players&type=dps&aggregation=max&week_from=2026-07-30&week_to=2026-08-19&page=1&i=38&boss=2&specs=11%3A0
two_weeks,2026-07-30,2026-08-19,TK,Solarian,11,1,Feral Druid,11,5,39214.0,8,35764.0,https://sirus.su/api/base/x1/leaderboard/pve?ladder=players&type=dps&aggregation=max&week_from=2026-07-30&week_to=2026-08-19&page=1&i=38&boss=2&specs=11%3A1
two_weeks,2026-07-30,2026-08-19,TK,Kaelthas,1,0,Arms Warrior,8,4,26498.5,6,25837.5,https://sirus.su/api/base/x1/leaderboard/pve?ladder=players&type=dps&aggregation=max&week_from=2026-07-30&week_to=2026-08-19&page=1&i=38&boss=3&specs=1%3A0
two_weeks,2026-07-30,2026-08-19,TK,Kaelthas,1,1,Fury Warrior,4,2,25769.5,3,25310.0,https://sirus.su/api/base/x1/leaderboard/pve?ladder=players&type=dps&aggregation=max&week_from=2026-07-30&week_to=2026-08-19&page=1&i=38&boss=3&specs=1%3A1
two_weeks,2026-07-30,2026-08-19,TK,Kaelthas,2,2,Retribution Paladin,23,10,25558.0,17,22932.0,https://sirus.su/api/base/x1/leaderboard/pve?ladder=players&type=dps&aggregation=max&week_from=2026-07-30&week_to=2026-08-19&page=1&i=38&boss=3&specs=2%3A2
two_weeks,2026-07-30,2026-08-19,TK,Kaelthas,3,0,Beast Mastery Hunter,10,4,33148.0,7,32751.0,https://sirus.su/api/base/x1/leaderboard/pve?ladder=players&type=dps&aggregation=max&week_from=2026-07-30&week_to=2026-08-19&page=1&i=38&boss=3&specs=3%3A0
two_weeks,2026-07-30,2026-08-19,TK,Kaelthas,3,1,Marksmanship Hunter,19,8,38462.5,14,36100.5,https://sirus.su/api/base/x1/leaderboard/pve?ladder=players&type=dps&aggregation=max&week_from=2026-07-30&week_to=2026-08-19&page=1&i=38&boss=3&specs=3%3A1
two_weeks,2026-07-30,2026-08-19,TK,Kaelthas,3,2,Survival Hunter,11,5,33127.0,8,32198.5,https://sirus.su/api/base/x1/leaderboard/pve?ladder=players&type=dps&aggregation=max&week_from=2026-07-30&week_to=2026-08-19&page=1&i=38&boss=3&specs=3%3A2
two_weeks,2026-07-30,2026-08-19,TK,Kaelthas,4,0,Assassination Rogue,9,4,17565.5,7,17308.0,https://sirus.su/api/base/x1/leaderboard/pve?ladder=players&type=dps&aggregation=max&week_from=2026-07-30&week_to=2026-08-19&page=1&i=38&boss=3&specs=4%3A0
two_weeks,2026-07-30,2026-08-19,TK,Kaelthas,4,1,Combat Rogue,7,3,30504.0,5,29288.0,https://sirus.su/api/base/x1/leaderboard/pve?ladder=players&type=dps&aggregation=max&week_from=2026-07-30&week_to=2026-08-19&page=1&i=38&boss=3&specs=4%3A1
two_weeks,2026-07-30,2026-08-19,TK,Kaelthas,4,2,Subtlety Rogue,3,2,21151.5,3,19986.0,https://sirus.su/api/base/x1/leaderboard/pve?ladder=players&type=dps&aggregation=max&week_from=2026-07-30&week_to=2026-08-19&page=1&i=38&boss=3&specs=4%3A2
two_weeks,2026-07-30,2026-08-19,TK,Kaelthas,5,2,Shadow Priest,28,12,32937.0,20,31094.0,https://sirus.su/api/base/x1/leaderboard/pve?ladder=players&type=dps&aggregation=max&week_from=2026-07-30&week_to=2026-08-19&page=1&i=38&boss=3&specs=5%3A2
two_weeks,2026-07-30,2026-08-19,TK,Kaelthas,6,0,Blood DK,16,7,24786.0,12,23116.5,https://sirus.su/api/base/x1/leaderboard/pve?ladder=players&type=dps&aggregation=max&week_from=2026-07-30&week_to=2026-08-19&page=1&i=38&boss=3&specs=6%3A0
two_weeks,2026-07-30,2026-08-19,TK,Kaelthas,6,1,Frost DK,5,2,22644.5,4,22035.0,https://sirus.su/api/base/x1/leaderboard/pve?ladder=players&type=dps&aggregation=max&week_from=2026-07-30&week_to=2026-08-19&page=1&i=38&boss=3&specs=6%3A1
two_weeks,2026-07-30,2026-08-19,TK,Kaelthas,6,2,Unholy DK,3,2,21934.5,3,21845.0,https://sirus.su/api/base/x1/leaderboard/pve?ladder=players&type=dps&aggregation=max&week_from=2026-07-30&week_to=2026-08-19&page=1&i=38&boss=3&specs=6%3A2
two_weeks,2026-07-30,2026-08-19,TK,Kaelthas,7,0,Elemental Shaman,28,12,34102.0,20,31638.5,https://sirus.su/api/base/x1/leaderboard/pve?ladder=players&type=dps&aggregation=max&week_from=2026-07-30&week_to=2026-08-19&page=1&i=38&boss=3&specs=7%3A0
two_weeks,2026-07-30,2026-08-19,TK,Kaelthas,7,1,Enhancement Shaman,19,8,23390.0,14,21496.5,https://sirus.su/api/base/x1/leaderboard/pve?ladder=players&type=dps&aggregation=max&week_from=2026-07-30&week_to=2026-08-19&page=1&i=38&boss=3&specs=7%3A1
two_weeks,2026-07-30,2026-08-19,TK,Kaelthas,8,0,Arcane Mage,42,17,42267.0,30,37541.0,https://sirus.su/api/base/x1/leaderboard/pve?ladder=players&type=dps&aggregation=max&week_from=2026-07-30&week_to=2026-08-19&page=1&i=38&boss=3&specs=8%3A0
two_weeks,2026-07-30,2026-08-19,TK,Kaelthas,8,1,Fire Mage,12,5,36731.0,9,33206.0,https://sirus.su/api/base/x1/leaderboard/pve?ladder=players&type=dps&aggregation=max&week_from=2026-07-30&week_to=2026-08-19&page=1&i=38&boss=3&specs=8%3A1
two_weeks,2026-07-30,2026-08-19,TK,Kaelthas,8,2,Frost Mage,0,0,,0,,https://sirus.su/api/base/x1/leaderboard/pve?ladder=players&type=dps&aggregation=max&week_from=2026-07-30&week_to=2026-08-19&page=1&i=38&boss=3&specs=8%3A2
two_weeks,2026-07-30,2026-08-19,TK,Kaelthas,9,0,Affliction Warlock,6,3,37534.0,5,35751.0,https://sirus.su/api/base/x1/leaderboard/pve?ladder=players&type=dps&aggregation=max&week_from=2026-07-30&week_to=2026-08-19&page=1&i=38&boss=3&specs=9%3A0
two_weeks,2026-07-30,2026-08-19,TK,Kaelthas,9,1,Demonology Warlock,34,14,33214.5,24,32397.0,https://sirus.su/api/base/x1/leaderboard/pve?ladder=players&type=dps&aggregation=max&week_from=2026-07-30&week_to=2026-08-19&page=1&i=38&boss=3&specs=9%3A1
two_weeks,2026-07-30,2026-08-19,TK,Kaelthas,9,2,Destruction Warlock,2,1,28295.0,2,27519.0,https://sirus.su/api/base/x1/leaderboard/pve?ladder=players&type=dps&aggregation=max&week_from=2026-07-30&week_to=2026-08-19&page=1&i=38&boss=3&specs=9%3A2
two_weeks,2026-07-30,2026-08-19,TK,Kaelthas,11,0,Balance Druid,42,17,35033.0,30,32008.5,https://sirus.su/api/base/x1/leaderboard/pve?ladder=players&type=dps&aggregation=max&week_from=2026-07-30&week_to=2026-08-19&page=1&i=38&boss=3&specs=11%3A0
two_weeks,2026-07-30,2026-08-19,TK,Kaelthas,11,1,Feral Druid,10,4,22582.0,7,22134.0,https://sirus.su/api/base/x1/leaderboard/pve?ladder=players&type=dps&aggregation=max&week_from=2026-07-30&week_to=2026-08-19&page=1&i=38&boss=3&specs=11%3A1
two_weeks,2026-07-30,2026-08-19,SSC,Hydross,1,0,Arms Warrior,13,6,36057.0,10,34104.0,https://sirus.su/api/base/x1/leaderboard/pve?ladder=players&type=dps&aggregation=max&week_from=2026-07-30&week_to=2026-08-19&page=1&i=39&boss=0&specs=1%3A0
two_weeks,2026-07-30,2026-08-19,SSC,Hydross,1,1,Fury Warrior,9,4,29278.5,7,28862.0,https://sirus.su/api/base/x1/leaderboard/pve?ladder=players&type=dps&aggregation=max&week_from=2026-07-30&week_to=2026-08-19&page=1&i=39&boss=0&specs=1%3A1
two_weeks,2026-07-30,2026-08-19,SSC,Hydross,2,2,Retribution Paladin,66,27,35335.0,47,32239.0,https://sirus.su/api/base/x1/leaderboard/pve?ladder=players&type=dps&aggregation=max&week_from=2026-07-30&week_to=2026-08-19&page=1&i=39&boss=0&specs=2%3A2
two_weeks,2026-07-30,2026-08-19,SSC,Hydross,3,0,Beast Mastery Hunter,20,8,36799.5,14,32015.5,https://sirus.su/api/base/x1/leaderboard/pve?ladder=players&type=dps&aggregation=max&week_from=2026-07-30&week_to=2026-08-19&page=1&i=39&boss=0&specs=3%3A0
two_weeks,2026-07-30,2026-08-19,SSC,Hydross,3,1,Marksmanship Hunter,29,12,37230.0,21,34846.0,https://sirus.su/api/base/x1/leaderboard/pve?ladder=players&type=dps&aggregation=max&week_from=2026-07-30&week_to=2026-08-19&page=1&i=39&boss=0&specs=3%3A1
two_weeks,2026-07-30,2026-08-19,SSC,Hydross,3,2,Survival Hunter,20,8,37338.0,14,35090.0,https://sirus.su/api/base/x1/leaderboard/pve?ladder=players&type=dps&aggregation=max&week_from=2026-07-30&week_to=2026-08-19&page=1&i=39&boss=0&specs=3%3A2
two_weeks,2026-07-30,2026-08-19,SSC,Hydross,4,0,Assassination Rogue,8,4,31973.0,6,30703.5,https://sirus.su/api/base/x1/leaderboard/pve?ladder=players&type=dps&aggregation=max&week_from=2026-07-30&week_to=2026-08-19&page=1&i=39&boss=0&specs=4%3A0
two_weeks,2026-07-30,2026-08-19,SSC,Hydross,4,1,Combat Rogue,9,4,43912.5,7,40825.0,https://sirus.su/api/base/x1/leaderboard/pve?ladder=players&type=dps&aggregation=max&week_from=2026-07-30&week_to=2026-08-19&page=1&i=39&boss=0&specs=4%3A1
two_weeks,2026-07-30,2026-08-19,SSC,Hydross,4,2,Subtlety Rogue,9,4,32845.5,7,30520.0,https://sirus.su/api/base/x1/leaderboard/pve?ladder=players&type=dps&aggregation=max&week_from=2026-07-30&week_to=2026-08-19&page=1&i=39&boss=0&specs=4%3A2
two_weeks,2026-07-30,2026-08-19,SSC,Hydross,5,2,Shadow Priest,43,18,36898.5,31,34011.0,https://sirus.su/api/base/x1/leaderboard/pve?ladder=players&type=dps&aggregation=max&week_from=2026-07-30&week_to=2026-08-19&page=1&i=39&boss=0&specs=5%3A2
two_weeks,2026-07-30,2026-08-19,SSC,Hydross,6,0,Blood DK,20,8,36460.5,14,35070.0,https://sirus.su/api/base/x1/leaderboard/pve?ladder=players&type=dps&aggregation=max&week_from=2026-07-30&week_to=2026-08-19&page=1&i=39&boss=0&specs=6%3A0
two_weeks,2026-07-30,2026-08-19,SSC,Hydross,6,1,Frost DK,8,4,35365.5,6,33549.5,https://sirus.su/api/base/x1/leaderboard/pve?ladder=players&type=dps&aggregation=max&week_from=2026-07-30&week_to=2026-08-19&page=1&i=39&boss=0&specs=6%3A1
two_weeks,2026-07-30,2026-08-19,SSC,Hydross,6,2,Unholy DK,6,3,35707.0,5,29789.0,https://sirus.su/api/base/x1/leaderboard/pve?ladder=players&type=dps&aggregation=max&week_from=2026-07-30&week_to=2026-08-19&page=1&i=39&boss=0&specs=6%3A2
two_weeks,2026-07-30,2026-08-19,SSC,Hydross,7,0,Elemental Shaman,26,11,40309.0,19,34773.0,https://sirus.su/api/base/x1/leaderboard/pve?ladder=players&type=dps&aggregation=max&week_from=2026-07-30&week_to=2026-08-19&page=1&i=39&boss=0&specs=7%3A0
two_weeks,2026-07-30,2026-08-19,SSC,Hydross,7,1,Enhancement Shaman,24,10,38723.0,17,33158.0,https://sirus.su/api/base/x1/leaderboard/pve?ladder=players&type=dps&aggregation=max&week_from=2026-07-30&week_to=2026-08-19&page=1&i=39&boss=0&specs=7%3A1
two_weeks,2026-07-30,2026-08-19,SSC,Hydross,8,0,Arcane Mage,44,18,52882.0,31,48090.0,https://sirus.su/api/base/x1/leaderboard/pve?ladder=players&type=dps&aggregation=max&week_from=2026-07-30&week_to=2026-08-19&page=1&i=39&boss=0&specs=8%3A0
two_weeks,2026-07-30,2026-08-19,SSC,Hydross,8,1,Fire Mage,24,10,39741.5,17,37958.0,https://sirus.su/api/base/x1/leaderboard/pve?ladder=players&type=dps&aggregation=max&week_from=2026-07-30&week_to=2026-08-19&page=1&i=39&boss=0&specs=8%3A1
two_weeks,2026-07-30,2026-08-19,SSC,Hydross,8,2,Frost Mage,4,2,31501.0,3,30497.0,https://sirus.su/api/base/x1/leaderboard/pve?ladder=players&type=dps&aggregation=max&week_from=2026-07-30&week_to=2026-08-19&page=1&i=39&boss=0&specs=8%3A2
two_weeks,2026-07-30,2026-08-19,SSC,Hydross,9,0,Affliction Warlock,7,3,45863.0,5,45546.0,https://sirus.su/api/base/x1/leaderboard/pve?ladder=players&type=dps&aggregation=max&week_from=2026-07-30&week_to=2026-08-19&page=1&i=39&boss=0&specs=9%3A0
two_weeks,2026-07-30,2026-08-19,SSC,Hydross,9,1,Demonology Warlock,45,18,36488.5,32,33808.5,https://sirus.su/api/base/x1/leaderboard/pve?ladder=players&type=dps&aggregation=max&week_from=2026-07-30&week_to=2026-08-19&page=1&i=39&boss=0&specs=9%3A1
two_weeks,2026-07-30,2026-08-19,SSC,Hydross,9,2,Destruction Warlock,6,3,35621.0,5,34935.0,https://sirus.su/api/base/x1/leaderboard/pve?ladder=players&type=dps&aggregation=max&week_from=2026-07-30&week_to=2026-08-19&page=1&i=39&boss=0&specs=9%3A2
two_weeks,2026-07-30,2026-08-19,SSC,Hydross,11,0,Balance Druid,59,24,36802.5,42,34091.0,https://sirus.su/api/base/x1/leaderboard/pve?ladder=players&type=dps&aggregation=max&week_from=2026-07-30&week_to=2026-08-19&page=1&i=39&boss=0&specs=11%3A0
two_weeks,2026-07-30,2026-08-19,SSC,Hydross,11,1,Feral Druid,19,8,34213.5,14,30736.5,https://sirus.su/api/base/x1/leaderboard/pve?ladder=players&type=dps&aggregation=max&week_from=2026-07-30&week_to=2026-08-19&page=1&i=39&boss=0&specs=11%3A1
two_weeks,2026-07-30,2026-08-19,SSC,Lurker,1,0,Arms Warrior,5,2,49623.0,4,47487.0,https://sirus.su/api/base/x1/leaderboard/pve?ladder=players&type=dps&aggregation=max&week_from=2026-07-30&week_to=2026-08-19&page=1&i=39&boss=1&specs=1%3A0
two_weeks,2026-07-30,2026-08-19,SSC,Lurker,1,1,Fury Warrior,5,2,28573.0,4,16905.5,https://sirus.su/api/base/x1/leaderboard/pve?ladder=players&type=dps&aggregation=max&week_from=2026-07-30&week_to=2026-08-19&page=1&i=39&boss=1&specs=1%3A1
two_weeks,2026-07-30,2026-08-19,SSC,Lurker,2,2,Retribution Paladin,18,8,42188.0,13,36789.0,https://sirus.su/api/base/x1/leaderboard/pve?ladder=players&type=dps&aggregation=max&week_from=2026-07-30&week_to=2026-08-19&page=1&i=39&boss=1&specs=2%3A2
two_weeks,2026-07-30,2026-08-19,SSC,Lurker,3,0,Beast Mastery Hunter,19,8,43605.5,14,37286.0,https://sirus.su/api/base/x1/leaderboard/pve?ladder=players&type=dps&aggregation=max&week_from=2026-07-30&week_to=2026-08-19&page=1&i=39&boss=1&specs=3%3A0
two_weeks,2026-07-30,2026-08-19,SSC,Lurker,3,1,Marksmanship Hunter,30,12,52845.5,21,44836.0,https://sirus.su/api/base/x1/leaderboard/pve?ladder=players&type=dps&aggregation=max&week_from=2026-07-30&week_to=2026-08-19&page=1&i=39&boss=1&specs=3%3A1
two_weeks,2026-07-30,2026-08-19,SSC,Lurker,3,2,Survival Hunter,16,7,45302.0,12,44209.5,https://sirus.su/api/base/x1/leaderboard/pve?ladder=players&type=dps&aggregation=max&week_from=2026-07-30&week_to=2026-08-19&page=1&i=39&boss=1&specs=3%3A2
two_weeks,2026-07-30,2026-08-19,SSC,Lurker,4,0,Assassination Rogue,6,3,8098.0,5,6429.0,https://sirus.su/api/base/x1/leaderboard/pve?ladder=players&type=dps&aggregation=max&week_from=2026-07-30&week_to=2026-08-19&page=1&i=39&boss=1&specs=4%3A0
two_weeks,2026-07-30,2026-08-19,SSC,Lurker,4,1,Combat Rogue,10,4,10312.0,7,10073.0,https://sirus.su/api/base/x1/leaderboard/pve?ladder=players&type=dps&aggregation=max&week_from=2026-07-30&week_to=2026-08-19&page=1&i=39&boss=1&specs=4%3A1
two_weeks,2026-07-30,2026-08-19,SSC,Lurker,4,2,Subtlety Rogue,9,4,6863.5,7,5934.0,https://sirus.su/api/base/x1/leaderboard/pve?ladder=players&type=dps&aggregation=max&week_from=2026-07-30&week_to=2026-08-19&page=1&i=39&boss=1&specs=4%3A2
two_weeks,2026-07-30,2026-08-19,SSC,Lurker,5,2,Shadow Priest,42,17,46012.0,30,43617.5,https://sirus.su/api/base/x1/leaderboard/pve?ladder=players&type=dps&aggregation=max&week_from=2026-07-30&week_to=2026-08-19&page=1&i=39&boss=1&specs=5%3A2
two_weeks,2026-07-30,2026-08-19,SSC,Lurker,6,0,Blood DK,6,3,39951.0,5,34241.0,https://sirus.su/api/base/x1/leaderboard/pve?ladder=players&type=dps&aggregation=max&week_from=2026-07-30&week_to=2026-08-19&page=1&i=39&boss=1&specs=6%3A0
two_weeks,2026-07-30,2026-08-19,SSC,Lurker,6,1,Frost DK,2,1,40756.0,2,40633.0,https://sirus.su/api/base/x1/leaderboard/pve?ladder=players&type=dps&aggregation=max&week_from=2026-07-30&week_to=2026-08-19&page=1&i=39&boss=1&specs=6%3A1
two_weeks,2026-07-30,2026-08-19,SSC,Lurker,6,2,Unholy DK,6,3,37076.0,5,34829.0,https://sirus.su/api/base/x1/leaderboard/pve?ladder=players&type=dps&aggregation=max&week_from=2026-07-30&week_to=2026-08-19&page=1&i=39&boss=1&specs=6%3A2
two_weeks,2026-07-30,2026-08-19,SSC,Lurker,7,0,Elemental Shaman,29,12,50900.0,21,45153.0,https://sirus.su/api/base/x1/leaderboard/pve?ladder=players&type=dps&aggregation=max&week_from=2026-07-30&week_to=2026-08-19&page=1&i=39&boss=1&specs=7%3A0
two_weeks,2026-07-30,2026-08-19,SSC,Lurker,7,1,Enhancement Shaman,12,5,45854.0,9,43218.0,https://sirus.su/api/base/x1/leaderboard/pve?ladder=players&type=dps&aggregation=max&week_from=2026-07-30&week_to=2026-08-19&page=1&i=39&boss=1&specs=7%3A1
two_weeks,2026-07-30,2026-08-19,SSC,Lurker,8,0,Arcane Mage,45,18,61504.5,32,55688.5,https://sirus.su/api/base/x1/leaderboard/pve?ladder=players&type=dps&aggregation=max&week_from=2026-07-30&week_to=2026-08-19&page=1&i=39&boss=1&specs=8%3A0
two_weeks,2026-07-30,2026-08-19,SSC,Lurker,8,1,Fire Mage,27,11,49782.0,19,46776.0,https://sirus.su/api/base/x1/leaderboard/pve?ladder=players&type=dps&aggregation=max&week_from=2026-07-30&week_to=2026-08-19&page=1&i=39&boss=1&specs=8%3A1
two_weeks,2026-07-30,2026-08-19,SSC,Lurker,8,2,Frost Mage,7,3,40029.0,5,38435.0,https://sirus.su/api/base/x1/leaderboard/pve?ladder=players&type=dps&aggregation=max&week_from=2026-07-30&week_to=2026-08-19&page=1&i=39&boss=1&specs=8%3A2
two_weeks,2026-07-30,2026-08-19,SSC,Lurker,9,0,Affliction Warlock,7,3,56111.0,5,51898.0,https://sirus.su/api/base/x1/leaderboard/pve?ladder=players&type=dps&aggregation=max&week_from=2026-07-30&week_to=2026-08-19&page=1&i=39&boss=1&specs=9%3A0
two_weeks,2026-07-30,2026-08-19,SSC,Lurker,9,1,Demonology Warlock,44,18,46145.0,31,43331.0,https://sirus.su/api/base/x1/leaderboard/pve?ladder=players&type=dps&aggregation=max&week_from=2026-07-30&week_to=2026-08-19&page=1&i=39&boss=1&specs=9%3A1
two_weeks,2026-07-30,2026-08-19,SSC,Lurker,9,2,Destruction Warlock,3,2,50786.5,3,47909.0,https://sirus.su/api/base/x1/leaderboard/pve?ladder=players&type=dps&aggregation=max&week_from=2026-07-30&week_to=2026-08-19&page=1&i=39&boss=1&specs=9%3A2
two_weeks,2026-07-30,2026-08-19,SSC,Lurker,11,0,Balance Druid,60,24,50321.5,42,45463.5,https://sirus.su/api/base/x1/leaderboard/pve?ladder=players&type=dps&aggregation=max&week_from=2026-07-30&week_to=2026-08-19&page=1&i=39&boss=1&specs=11%3A0
two_weeks,2026-07-30,2026-08-19,SSC,Lurker,11,1,Feral Druid,13,6,44082.5,10,36245.5,https://sirus.su/api/base/x1/leaderboard/pve?ladder=players&type=dps&aggregation=max&week_from=2026-07-30&week_to=2026-08-19&page=1&i=39&boss=1&specs=11%3A1
two_weeks,2026-07-30,2026-08-19,SSC,Leotheras,1,0,Arms Warrior,9,4,40879.5,7,38752.0,https://sirus.su/api/base/x1/leaderboard/pve?ladder=players&type=dps&aggregation=max&week_from=2026-07-30&week_to=2026-08-19&page=1&i=39&boss=2&specs=1%3A0
two_weeks,2026-07-30,2026-08-19,SSC,Leotheras,1,1,Fury Warrior,6,3,41191.0,5,37141.0,https://sirus.su/api/base/x1/leaderboard/pve?ladder=players&type=dps&aggregation=max&week_from=2026-07-30&week_to=2026-08-19&page=1&i=39&boss=2&specs=1%3A1
two_weeks,2026-07-30,2026-08-19,SSC,Leotheras,2,2,Retribution Paladin,38,16,45902.5,27,41698.0,https://sirus.su/api/base/x1/leaderboard/pve?ladder=players&type=dps&aggregation=max&week_from=2026-07-30&week_to=2026-08-19&page=1&i=39&boss=2&specs=2%3A2
two_weeks,2026-07-30,2026-08-19,SSC,Leotheras,3,0,Beast Mastery Hunter,9,4,48456.5,7,44069.0,https://sirus.su/api/base/x1/leaderboard/pve?ladder=players&type=dps&aggregation=max&week_from=2026-07-30&week_to=2026-08-19&page=1&i=39&boss=2&specs=3%3A0
two_weeks,2026-07-30,2026-08-19,SSC,Leotheras,3,1,Marksmanship Hunter,21,9,52796.0,15,50804.0,https://sirus.su/api/base/x1/leaderboard/pve?ladder=players&type=dps&aggregation=max&week_from=2026-07-30&week_to=2026-08-19&page=1&i=39&boss=2&specs=3%3A1
two_weeks,2026-07-30,2026-08-19,SSC,Leotheras,3,2,Survival Hunter,15,6,48534.5,11,47261.0,https://sirus.su/api/base/x1/leaderboard/pve?ladder=players&type=dps&aggregation=max&week_from=2026-07-30&week_to=2026-08-19&page=1&i=39&boss=2&specs=3%3A2
two_weeks,2026-07-30,2026-08-19,SSC,Leotheras,4,0,Assassination Rogue,7,3,42041.0,5,41876.0,https://sirus.su/api/base/x1/leaderboard/pve?ladder=players&type=dps&aggregation=max&week_from=2026-07-30&week_to=2026-08-19&page=1&i=39&boss=2&specs=4%3A0
two_weeks,2026-07-30,2026-08-19,SSC,Leotheras,4,1,Combat Rogue,8,4,54220.0,6,52813.0,https://sirus.su/api/base/x1/leaderboard/pve?ladder=players&type=dps&aggregation=max&week_from=2026-07-30&week_to=2026-08-19&page=1&i=39&boss=2&specs=4%3A1
two_weeks,2026-07-30,2026-08-19,SSC,Leotheras,4,2,Subtlety Rogue,6,3,42533.0,5,36415.0,https://sirus.su/api/base/x1/leaderboard/pve?ladder=players&type=dps&aggregation=max&week_from=2026-07-30&week_to=2026-08-19&page=1&i=39&boss=2&specs=4%3A2
two_weeks,2026-07-30,2026-08-19,SSC,Leotheras,5,2,Shadow Priest,42,17,46866.0,30,45589.0,https://sirus.su/api/base/x1/leaderboard/pve?ladder=players&type=dps&aggregation=max&week_from=2026-07-30&week_to=2026-08-19&page=1&i=39&boss=2&specs=5%3A2
two_weeks,2026-07-30,2026-08-19,SSC,Leotheras,6,0,Blood DK,14,6,45600.5,10,43834.5,https://sirus.su/api/base/x1/leaderboard/pve?ladder=players&type=dps&aggregation=max&week_from=2026-07-30&week_to=2026-08-19&page=1&i=39&boss=2&specs=6%3A0
two_weeks,2026-07-30,2026-08-19,SSC,Leotheras,6,1,Frost DK,7,3,44813.0,5,39700.0,https://sirus.su/api/base/x1/leaderboard/pve?ladder=players&type=dps&aggregation=max&week_from=2026-07-30&week_to=2026-08-19&page=1&i=39&boss=2&specs=6%3A1
two_weeks,2026-07-30,2026-08-19,SSC,Leotheras,6,2,Unholy DK,7,3,45878.0,5,45096.0,https://sirus.su/api/base/x1/leaderboard/pve?ladder=players&type=dps&aggregation=max&week_from=2026-07-30&week_to=2026-08-19&page=1&i=39&boss=2&specs=6%3A2
two_weeks,2026-07-30,2026-08-19,SSC,Leotheras,7,0,Elemental Shaman,25,10,49967.5,18,46310.0,https://sirus.su/api/base/x1/leaderboard/pve?ladder=players&type=dps&aggregation=max&week_from=2026-07-30&week_to=2026-08-19&page=1&i=39&boss=2&specs=7%3A0
two_weeks,2026-07-30,2026-08-19,SSC,Leotheras,7,1,Enhancement Shaman,23,10,46910.0,17,42215.0,https://sirus.su/api/base/x1/leaderboard/pve?ladder=players&type=dps&aggregation=max&week_from=2026-07-30&week_to=2026-08-19&page=1&i=39&boss=2&specs=7%3A1
two_weeks,2026-07-30,2026-08-19,SSC,Leotheras,8,0,Arcane Mage,39,16,61265.0,28,53653.0,https://sirus.su/api/base/x1/leaderboard/pve?ladder=players&type=dps&aggregation=max&week_from=2026-07-30&week_to=2026-08-19&page=1&i=39&boss=2&specs=8%3A0
two_weeks,2026-07-30,2026-08-19,SSC,Leotheras,8,1,Fire Mage,16,7,50763.0,12,46591.5,https://sirus.su/api/base/x1/leaderboard/pve?ladder=players&type=dps&aggregation=max&week_from=2026-07-30&week_to=2026-08-19&page=1&i=39&boss=2&specs=8%3A1
two_weeks,2026-07-30,2026-08-19,SSC,Leotheras,8,2,Frost Mage,1,1,12903.0,1,12903.0,https://sirus.su/api/base/x1/leaderboard/pve?ladder=players&type=dps&aggregation=max&week_from=2026-07-30&week_to=2026-08-19&page=1&i=39&boss=2&specs=8%3A2
two_weeks,2026-07-30,2026-08-19,SSC,Leotheras,9,0,Affliction Warlock,8,4,53095.5,6,52683.0,https://sirus.su/api/base/x1/leaderboard/pve?ladder=players&type=dps&aggregation=max&week_from=2026-07-30&week_to=2026-08-19&page=1&i=39&boss=2&specs=9%3A0
two_weeks,2026-07-30,2026-08-19,SSC,Leotheras,9,1,Demonology Warlock,38,16,43839.0,27,42270.0,https://sirus.su/api/base/x1/leaderboard/pve?ladder=players&type=dps&aggregation=max&week_from=2026-07-30&week_to=2026-08-19&page=1&i=39&boss=2&specs=9%3A1
two_weeks,2026-07-30,2026-08-19,SSC,Leotheras,9,2,Destruction Warlock,4,2,49091.5,3,47626.0,https://sirus.su/api/base/x1/leaderboard/pve?ladder=players&type=dps&aggregation=max&week_from=2026-07-30&week_to=2026-08-19&page=1&i=39&boss=2&specs=9%3A2
two_weeks,2026-07-30,2026-08-19,SSC,Leotheras,11,0,Balance Druid,55,22,46432.5,39,44773.0,https://sirus.su/api/base/x1/leaderboard/pve?ladder=players&type=dps&aggregation=max&week_from=2026-07-30&week_to=2026-08-19&page=1&i=39&boss=2&specs=11%3A0
two_weeks,2026-07-30,2026-08-19,SSC,Leotheras,11,1,Feral Druid,13,6,47916.5,10,45016.5,https://sirus.su/api/base/x1/leaderboard/pve?ladder=players&type=dps&aggregation=max&week_from=2026-07-30&week_to=2026-08-19&page=1&i=39&boss=2&specs=11%3A1
two_weeks,2026-07-30,2026-08-19,SSC,Karathress,1,0,Arms Warrior,5,2,34137.0,4,30629.5,https://sirus.su/api/base/x1/leaderboard/pve?ladder=players&type=dps&aggregation=max&week_from=2026-07-30&week_to=2026-08-19&page=1&i=39&boss=3&specs=1%3A0
two_weeks,2026-07-30,2026-08-19,SSC,Karathress,1,1,Fury Warrior,8,4,26969.0,6,24526.5,https://sirus.su/api/base/x1/leaderboard/pve?ladder=players&type=dps&aggregation=max&week_from=2026-07-30&week_to=2026-08-19&page=1&i=39&boss=3&specs=1%3A1
two_weeks,2026-07-30,2026-08-19,SSC,Karathress,2,2,Retribution Paladin,34,14,30568.5,24,25926.5,https://sirus.su/api/base/x1/leaderboard/pve?ladder=players&type=dps&aggregation=max&week_from=2026-07-30&week_to=2026-08-19&page=1&i=39&boss=3&specs=2%3A2
two_weeks,2026-07-30,2026-08-19,SSC,Karathress,3,0,Beast Mastery Hunter,11,5,46789.0,8,38537.0,https://sirus.su/api/base/x1/leaderboard/pve?ladder=players&type=dps&aggregation=max&week_from=2026-07-30&week_to=2026-08-19&page=1&i=39&boss=3&specs=3%3A0
two_weeks,2026-07-30,2026-08-19,SSC,Karathress,3,1,Marksmanship Hunter,20,8,42956.5,14,37716.5,https://sirus.su/api/base/x1/leaderboard/pve?ladder=players&type=dps&aggregation=max&week_from=2026-07-30&week_to=2026-08-19&page=1&i=39&boss=3&specs=3%3A1
two_weeks,2026-07-30,2026-08-19,SSC,Karathress,3,2,Survival Hunter,15,6,40857.5,11,36357.0,https://sirus.su/api/base/x1/leaderboard/pve?ladder=players&type=dps&aggregation=max&week_from=2026-07-30&week_to=2026-08-19&page=1&i=39&boss=3&specs=3%3A2
two_weeks,2026-07-30,2026-08-19,SSC,Karathress,4,0,Assassination Rogue,5,2,32546.5,4,24577.5,https://sirus.su/api/base/x1/leaderboard/pve?ladder=players&type=dps&aggregation=max&week_from=2026-07-30&week_to=2026-08-19&page=1&i=39&boss=3&specs=4%3A0
two_weeks,2026-07-30,2026-08-19,SSC,Karathress,4,1,Combat Rogue,9,4,46025.5,7,40904.0,https://sirus.su/api/base/x1/leaderboard/pve?ladder=players&type=dps&aggregation=max&week_from=2026-07-30&week_to=2026-08-19&page=1&i=39&boss=3&specs=4%3A1
two_weeks,2026-07-30,2026-08-19,SSC,Karathress,4,2,Subtlety Rogue,4,2,16044.0,3,12319.0,https://sirus.su/api/base/x1/leaderboard/pve?ladder=players&type=dps&aggregation=max&week_from=2026-07-30&week_to=2026-08-19&page=1&i=39&boss=3&specs=4%3A2
two_weeks,2026-07-30,2026-08-19,SSC,Karathress,5,2,Shadow Priest,41,17,38009.0,29,34593.0,https://sirus.su/api/base/x1/leaderboard/pve?ladder=players&type=dps&aggregation=max&week_from=2026-07-30&week_to=2026-08-19&page=1&i=39&boss=3&specs=5%3A2
two_weeks,2026-07-30,2026-08-19,SSC,Karathress,6,0,Blood DK,13,6,34880.0,10,31068.5,https://sirus.su/api/base/x1/leaderboard/pve?ladder=players&type=dps&aggregation=max&week_from=2026-07-30&week_to=2026-08-19&page=1&i=39&boss=3&specs=6%3A0
two_weeks,2026-07-30,2026-08-19,SSC,Karathress,6,1,Frost DK,8,4,36183.5,6,33297.0,https://sirus.su/api/base/x1/leaderboard/pve?ladder=players&type=dps&aggregation=max&week_from=2026-07-30&week_to=2026-08-19&page=1&i=39&boss=3&specs=6%3A1
two_weeks,2026-07-30,2026-08-19,SSC,Karathress,6,2,Unholy DK,6,3,34136.0,5,25946.0,https://sirus.su/api/base/x1/leaderboard/pve?ladder=players&type=dps&aggregation=max&week_from=2026-07-30&week_to=2026-08-19&page=1&i=39&boss=3&specs=6%3A2
two_weeks,2026-07-30,2026-08-19,SSC,Karathress,7,0,Elemental Shaman,25,10,40580.5,18,35394.0,https://sirus.su/api/base/x1/leaderboard/pve?ladder=players&type=dps&aggregation=max&week_from=2026-07-30&week_to=2026-08-19&page=1&i=39&boss=3&specs=7%3A0
two_weeks,2026-07-30,2026-08-19,SSC,Karathress,7,1,Enhancement Shaman,20,8,35848.5,14,28392.0,https://sirus.su/api/base/x1/leaderboard/pve?ladder=players&type=dps&aggregation=max&week_from=2026-07-30&week_to=2026-08-19&page=1&i=39&boss=3&specs=7%3A1
two_weeks,2026-07-30,2026-08-19,SSC,Karathress,8,0,Arcane Mage,36,15,45279.0,26,42613.0,https://sirus.su/api/base/x1/leaderboard/pve?ladder=players&type=dps&aggregation=max&week_from=2026-07-30&week_to=2026-08-19&page=1&i=39&boss=3&specs=8%3A0
two_weeks,2026-07-30,2026-08-19,SSC,Karathress,8,1,Fire Mage,15,6,37527.0,11,30901.0,https://sirus.su/api/base/x1/leaderboard/pve?ladder=players&type=dps&aggregation=max&week_from=2026-07-30&week_to=2026-08-19&page=1&i=39&boss=3&specs=8%3A1
two_weeks,2026-07-30,2026-08-19,SSC,Karathress,8,2,Frost Mage,0,0,,0,,https://sirus.su/api/base/x1/leaderboard/pve?ladder=players&type=dps&aggregation=max&week_from=2026-07-30&week_to=2026-08-19&page=1&i=39&boss=3&specs=8%3A2
two_weeks,2026-07-30,2026-08-19,SSC,Karathress,9,0,Affliction Warlock,8,4,51586.0,6,49471.5,https://sirus.su/api/base/x1/leaderboard/pve?ladder=players&type=dps&aggregation=max&week_from=2026-07-30&week_to=2026-08-19&page=1&i=39&boss=3&specs=9%3A0
two_weeks,2026-07-30,2026-08-19,SSC,Karathress,9,1,Demonology Warlock,39,16,37164.0,28,33244.0,https://sirus.su/api/base/x1/leaderboard/pve?ladder=players&type=dps&aggregation=max&week_from=2026-07-30&week_to=2026-08-19&page=1&i=39&boss=3&specs=9%3A1
two_weeks,2026-07-30,2026-08-19,SSC,Karathress,9,2,Destruction Warlock,5,2,41330.0,4,36806.0,https://sirus.su/api/base/x1/leaderboard/pve?ladder=players&type=dps&aggregation=max&week_from=2026-07-30&week_to=2026-08-19&page=1&i=39&boss=3&specs=9%3A2
two_weeks,2026-07-30,2026-08-19,SSC,Karathress,11,0,Balance Druid,48,20,42007.5,34,37800.5,https://sirus.su/api/base/x1/leaderboard/pve?ladder=players&type=dps&aggregation=max&week_from=2026-07-30&week_to=2026-08-19&page=1&i=39&boss=3&specs=11%3A0
two_weeks,2026-07-30,2026-08-19,SSC,Karathress,11,1,Feral Druid,12,5,32394.0,9,25657.0,https://sirus.su/api/base/x1/leaderboard/pve?ladder=players&type=dps&aggregation=max&week_from=2026-07-30&week_to=2026-08-19&page=1&i=39&boss=3&specs=11%3A1
two_weeks,2026-07-30,2026-08-19,SSC,Morogrim,1,0,Arms Warrior,11,5,52082.0,8,48459.0,https://sirus.su/api/base/x1/leaderboard/pve?ladder=players&type=dps&aggregation=max&week_from=2026-07-30&week_to=2026-08-19&page=1&i=39&boss=4&specs=1%3A0
two_weeks,2026-07-30,2026-08-19,SSC,Morogrim,1,1,Fury Warrior,5,2,56553.5,4,52232.0,https://sirus.su/api/base/x1/leaderboard/pve?ladder=players&type=dps&aggregation=max&week_from=2026-07-30&week_to=2026-08-19&page=1&i=39&boss=4&specs=1%3A1
two_weeks,2026-07-30,2026-08-19,SSC,Morogrim,2,2,Retribution Paladin,45,18,46166.0,32,41534.5,https://sirus.su/api/base/x1/leaderboard/pve?ladder=players&type=dps&aggregation=max&week_from=2026-07-30&week_to=2026-08-19&page=1&i=39&boss=4&specs=2%3A2
two_weeks,2026-07-30,2026-08-19,SSC,Morogrim,3,0,Beast Mastery Hunter,16,7,53350.0,12,50400.5,https://sirus.su/api/base/x1/leaderboard/pve?ladder=players&type=dps&aggregation=max&week_from=2026-07-30&week_to=2026-08-19&page=1&i=39&boss=4&specs=3%3A0
two_weeks,2026-07-30,2026-08-19,SSC,Morogrim,3,1,Marksmanship Hunter,27,11,55957.0,19,47150.0,https://sirus.su/api/base/x1/leaderboard/pve?ladder=players&type=dps&aggregation=max&week_from=2026-07-30&week_to=2026-08-19&page=1&i=39&boss=4&specs=3%3A1
two_weeks,2026-07-30,2026-08-19,SSC,Morogrim,3,2,Survival Hunter,19,8,49705.5,14,46834.5,https://sirus.su/api/base/x1/leaderboard/pve?ladder=players&type=dps&aggregation=max&week_from=2026-07-30&week_to=2026-08-19&page=1&i=39&boss=4&specs=3%3A2
two_weeks,2026-07-30,2026-08-19,SSC,Morogrim,4,0,Assassination Rogue,7,3,49672.0,5,42590.0,https://sirus.su/api/base/x1/leaderboard/pve?ladder=players&type=dps&aggregation=max&week_from=2026-07-30&week_to=2026-08-19&page=1&i=39&boss=4&specs=4%3A0
two_weeks,2026-07-30,2026-08-19,SSC,Morogrim,4,1,Combat Rogue,10,4,60368.0,7,52145.0,https://sirus.su/api/base/x1/leaderboard/pve?ladder=players&type=dps&aggregation=max&week_from=2026-07-30&week_to=2026-08-19&page=1&i=39&boss=4&specs=4%3A1
two_weeks,2026-07-30,2026-08-19,SSC,Morogrim,4,2,Subtlety Rogue,4,2,42570.0,3,33205.0,https://sirus.su/api/base/x1/leaderboard/pve?ladder=players&type=dps&aggregation=max&week_from=2026-07-30&week_to=2026-08-19&page=1&i=39&boss=4&specs=4%3A2
two_weeks,2026-07-30,2026-08-19,SSC,Morogrim,5,2,Shadow Priest,39,16,48779.5,28,47124.5,https://sirus.su/api/base/x1/leaderboard/pve?ladder=players&type=dps&aggregation=max&week_from=2026-07-30&week_to=2026-08-19&page=1&i=39&boss=4&specs=5%3A2
two_weeks,2026-07-30,2026-08-19,SSC,Morogrim,6,0,Blood DK,19,8,55613.0,14,51051.0,https://sirus.su/api/base/x1/leaderboard/pve?ladder=players&type=dps&aggregation=max&week_from=2026-07-30&week_to=2026-08-19&page=1&i=39&boss=4&specs=6%3A0
two_weeks,2026-07-30,2026-08-19,SSC,Morogrim,6,1,Frost DK,8,4,45038.0,6,38895.0,https://sirus.su/api/base/x1/leaderboard/pve?ladder=players&type=dps&aggregation=max&week_from=2026-07-30&week_to=2026-08-19&page=1&i=39&boss=4&specs=6%3A1
two_weeks,2026-07-30,2026-08-19,SSC,Morogrim,6,2,Unholy DK,8,4,47790.5,6,46460.0,https://sirus.su/api/base/x1/leaderboard/pve?ladder=players&type=dps&aggregation=max&week_from=2026-07-30&week_to=2026-08-19&page=1&i=39&boss=4&specs=6%3A2
two_weeks,2026-07-30,2026-08-19,SSC,Morogrim,7,0,Elemental Shaman,24,10,56296.5,17,52824.0,https://sirus.su/api/base/x1/leaderboard/pve?ladder=players&type=dps&aggregation=max&week_from=2026-07-30&week_to=2026-08-19&page=1&i=39&boss=4&specs=7%3A0
two_weeks,2026-07-30,2026-08-19,SSC,Morogrim,7,1,Enhancement Shaman,21,9,53792.0,15,46493.0,https://sirus.su/api/base/x1/leaderboard/pve?ladder=players&type=dps&aggregation=max&week_from=2026-07-30&week_to=2026-08-19&page=1&i=39&boss=4&specs=7%3A1
two_weeks,2026-07-30,2026-08-19,SSC,Morogrim,8,0,Arcane Mage,38,16,66746.5,27,61357.0,https://sirus.su/api/base/x1/leaderboard/pve?ladder=players&type=dps&aggregation=max&week_from=2026-07-30&week_to=2026-08-19&page=1&i=39&boss=4&specs=8%3A0
two_weeks,2026-07-30,2026-08-19,SSC,Morogrim,8,1,Fire Mage,20,8,51532.5,14,47026.5,https://sirus.su/api/base/x1/leaderboard/pve?ladder=players&type=dps&aggregation=max&week_from=2026-07-30&week_to=2026-08-19&page=1&i=39&boss=4&specs=8%3A1
two_weeks,2026-07-30,2026-08-19,SSC,Morogrim,8,2,Frost Mage,5,2,42026.5,4,36652.0,https://sirus.su/api/base/x1/leaderboard/pve?ladder=players&type=dps&aggregation=max&week_from=2026-07-30&week_to=2026-08-19&page=1&i=39&boss=4&specs=8%3A2
two_weeks,2026-07-30,2026-08-19,SSC,Morogrim,9,0,Affliction Warlock,8,4,55099.0,6,54198.5,https://sirus.su/api/base/x1/leaderboard/pve?ladder=players&type=dps&aggregation=max&week_from=2026-07-30&week_to=2026-08-19&page=1&i=39&boss=4&specs=9%3A0
two_weeks,2026-07-30,2026-08-19,SSC,Morogrim,9,1,Demonology Warlock,44,18,54056.0,31,49094.0,https://sirus.su/api/base/x1/leaderboard/pve?ladder=players&type=dps&aggregation=max&week_from=2026-07-30&week_to=2026-08-19&page=1&i=39&boss=4&specs=9%3A1
two_weeks,2026-07-30,2026-08-19,SSC,Morogrim,9,2,Destruction Warlock,4,2,51381.0,3,51045.0,https://sirus.su/api/base/x1/leaderboard/pve?ladder=players&type=dps&aggregation=max&week_from=2026-07-30&week_to=2026-08-19&page=1&i=39&boss=4&specs=9%3A2
two_weeks,2026-07-30,2026-08-19,SSC,Morogrim,11,0,Balance Druid,55,22,54644.5,39,51593.0,https://sirus.su/api/base/x1/leaderboard/pve?ladder=players&type=dps&aggregation=max&week_from=2026-07-30&week_to=2026-08-19&page=1&i=39&boss=4&specs=11%3A0
two_weeks,2026-07-30,2026-08-19,SSC,Morogrim,11,1,Feral Druid,18,8,56493.5,13,51031.0,https://sirus.su/api/base/x1/leaderboard/pve?ladder=players&type=dps&aggregation=max&week_from=2026-07-30&week_to=2026-08-19&page=1&i=39&boss=4&specs=11%3A1
two_weeks,2026-07-30,2026-08-19,SSC,Lady Vashj,1,0,Arms Warrior,6,3,40819.0,5,38764.0,https://sirus.su/api/base/x1/leaderboard/pve?ladder=players&type=dps&aggregation=max&week_from=2026-07-30&week_to=2026-08-19&page=1&i=39&boss=5&specs=1%3A0
two_weeks,2026-07-30,2026-08-19,SSC,Lady Vashj,1,1,Fury Warrior,3,2,41102.0,3,40161.0,https://sirus.su/api/base/x1/leaderboard/pve?ladder=players&type=dps&aggregation=max&week_from=2026-07-30&week_to=2026-08-19&page=1&i=39&boss=5&specs=1%3A1
two_weeks,2026-07-30,2026-08-19,SSC,Lady Vashj,2,2,Retribution Paladin,20,8,43542.5,14,41736.0,https://sirus.su/api/base/x1/leaderboard/pve?ladder=players&type=dps&aggregation=max&week_from=2026-07-30&week_to=2026-08-19&page=1&i=39&boss=5&specs=2%3A2
two_weeks,2026-07-30,2026-08-19,SSC,Lady Vashj,3,0,Beast Mastery Hunter,32,13,26550.0,23,23099.0,https://sirus.su/api/base/x1/leaderboard/pve?ladder=players&type=dps&aggregation=max&week_from=2026-07-30&week_to=2026-08-19&page=1&i=39&boss=5&specs=3%3A0
two_weeks,2026-07-30,2026-08-19,SSC,Lady Vashj,3,1,Marksmanship Hunter,6,3,26065.0,5,25169.0,https://sirus.su/api/base/x1/leaderboard/pve?ladder=players&type=dps&aggregation=max&week_from=2026-07-30&week_to=2026-08-19&page=1&i=39&boss=5&specs=3%3A1
two_weeks,2026-07-30,2026-08-19,SSC,Lady Vashj,3,2,Survival Hunter,3,2,26341.5,3,26290.0,https://sirus.su/api/base/x1/leaderboard/pve?ladder=players&type=dps&aggregation=max&week_from=2026-07-30&week_to=2026-08-19&page=1&i=39&boss=5&specs=3%3A2
two_weeks,2026-07-30,2026-08-19,SSC,Lady Vashj,4,0,Assassination Rogue,3,2,40924.0,3,40661.0,https://sirus.su/api/base/x1/leaderboard/pve?ladder=players&type=dps&aggregation=max&week_from=2026-07-30&week_to=2026-08-19&page=1&i=39&boss=5&specs=4%3A0
two_weeks,2026-07-30,2026-08-19,SSC,Lady Vashj,4,1,Combat Rogue,8,4,53894.0,6,52420.5,https://sirus.su/api/base/x1/leaderboard/pve?ladder=players&type=dps&aggregation=max&week_from=2026-07-30&week_to=2026-08-19&page=1&i=39&boss=5&specs=4%3A1
two_weeks,2026-07-30,2026-08-19,SSC,Lady Vashj,4,2,Subtlety Rogue,4,2,42368.5,3,41669.0,https://sirus.su/api/base/x1/leaderboard/pve?ladder=players&type=dps&aggregation=max&week_from=2026-07-30&week_to=2026-08-19&page=1&i=39&boss=5&specs=4%3A2
two_weeks,2026-07-30,2026-08-19,SSC,Lady Vashj,5,2,Shadow Priest,23,10,36598.0,17,33908.0,https://sirus.su/api/base/x1/leaderboard/pve?ladder=players&type=dps&aggregation=max&week_from=2026-07-30&week_to=2026-08-19&page=1&i=39&boss=5&specs=5%3A2
two_weeks,2026-07-30,2026-08-19,SSC,Lady Vashj,6,0,Blood DK,13,6,48541.5,10,46835.0,https://sirus.su/api/base/x1/leaderboard/pve?ladder=players&type=dps&aggregation=max&week_from=2026-07-30&week_to=2026-08-19&page=1&i=39&boss=5&specs=6%3A0
two_weeks,2026-07-30,2026-08-19,SSC,Lady Vashj,6,1,Frost DK,6,3,45976.0,5,43905.0,https://sirus.su/api/base/x1/leaderboard/pve?ladder=players&type=dps&aggregation=max&week_from=2026-07-30&week_to=2026-08-19&page=1&i=39&boss=5&specs=6%3A1
two_weeks,2026-07-30,2026-08-19,SSC,Lady Vashj,6,2,Unholy DK,1,1,46469.0,1,46469.0,https://sirus.su/api/base/x1/leaderboard/pve?ladder=players&type=dps&aggregation=max&week_from=2026-07-30&week_to=2026-08-19&page=1&i=39&boss=5&specs=6%3A2
two_weeks,2026-07-30,2026-08-19,SSC,Lady Vashj,7,0,Elemental Shaman,20,8,37769.5,14,34178.5,https://sirus.su/api/base/x1/leaderboard/pve?ladder=players&type=dps&aggregation=max&week_from=2026-07-30&week_to=2026-08-19&page=1&i=39&boss=5&specs=7%3A0
two_weeks,2026-07-30,2026-08-19,SSC,Lady Vashj,7,1,Enhancement Shaman,15,6,46377.5,11,42729.0,https://sirus.su/api/base/x1/leaderboard/pve?ladder=players&type=dps&aggregation=max&week_from=2026-07-30&week_to=2026-08-19&page=1&i=39&boss=5&specs=7%3A1
two_weeks,2026-07-30,2026-08-19,SSC,Lady Vashj,8,0,Arcane Mage,31,13,53477.0,22,47992.0,https://sirus.su/api/base/x1/leaderboard/pve?ladder=players&type=dps&aggregation=max&week_from=2026-07-30&week_to=2026-08-19&page=1&i=39&boss=5&specs=8%3A0
two_weeks,2026-07-30,2026-08-19,SSC,Lady Vashj,8,1,Fire Mage,11,5,43358.0,8,41322.5,https://sirus.su/api/base/x1/leaderboard/pve?ladder=players&type=dps&aggregation=max&week_from=2026-07-30&week_to=2026-08-19&page=1&i=39&boss=5&specs=8%3A1
two_weeks,2026-07-30,2026-08-19,SSC,Lady Vashj,8,2,Frost Mage,3,2,14400.0,3,13852.0,https://sirus.su/api/base/x1/leaderboard/pve?ladder=players&type=dps&aggregation=max&week_from=2026-07-30&week_to=2026-08-19&page=1&i=39&boss=5&specs=8%3A2
two_weeks,2026-07-30,2026-08-19,SSC,Lady Vashj,9,0,Affliction Warlock,8,4,49052.0,6,46970.0,https://sirus.su/api/base/x1/leaderboard/pve?ladder=players&type=dps&aggregation=max&week_from=2026-07-30&week_to=2026-08-19&page=1&i=39&boss=5&specs=9%3A0
two_weeks,2026-07-30,2026-08-19,SSC,Lady Vashj,9,1,Demonology Warlock,25,10,37508.0,18,35663.5,https://sirus.su/api/base/x1/leaderboard/pve?ladder=players&type=dps&aggregation=max&week_from=2026-07-30&week_to=2026-08-19&page=1&i=39&boss=5&specs=9%3A1
two_weeks,2026-07-30,2026-08-19,SSC,Lady Vashj,9,2,Destruction Warlock,7,3,33074.0,5,31078.0,https://sirus.su/api/base/x1/leaderboard/pve?ladder=players&type=dps&aggregation=max&week_from=2026-07-30&week_to=2026-08-19&page=1&i=39&boss=5&specs=9%3A2
two_weeks,2026-07-30,2026-08-19,SSC,Lady Vashj,11,0,Balance Druid,30,12,41891.5,21,36645.0,https://sirus.su/api/base/x1/leaderboard/pve?ladder=players&type=dps&aggregation=max&week_from=2026-07-30&week_to=2026-08-19&page=1&i=39&boss=5&specs=11%3A0
two_weeks,2026-07-30,2026-08-19,SSC,Lady Vashj,11,1,Feral Druid,12,5,41821.0,9,37614.0,https://sirus.su/api/base/x1/leaderboard/pve?ladder=players&type=dps&aggregation=max&week_from=2026-07-30&week_to=2026-08-19&page=1&i=39&boss=5&specs=11%3A1
